date,lat,long,rugo,dep,region,rich
5/12/2016,24.72435,-82.8107,0.843333333,16.30679948,Tortugas,8
5/12/2016,24.72367,-82.78785,0.49,16.30679948,Tortugas,8
5/12/2016,24.72623,-82.80449,0.176666667,17.06879945,Tortugas,1
5/12/2016,24.71759,-82.80542,0.296666667,13.41119957,Tortugas,7
5/12/2016,24.71971,-82.81462,0.63,11.12519965,Tortugas,5
5/12/2016,24.72118,-82.80761,0.883333333,12.4967996,Tortugas,9
5/12/2016,24.72403,-82.80654,0.256666667,14.32559954,Tortugas,8
5/13/2016,24.70013,-83.00943,0.216666667,27.73679911,Tortugas,1
5/13/2016,24.6984,-82.99718,0.416666667,22.85999927,Tortugas,6
5/13/2016,24.6933,-82.98184,0.633333333,28.49879909,Tortugas,4
5/13/2016,24.70549,-83.01248,0.973333333,29.10839907,Tortugas,8
5/13/2016,24.69744,-82.99547,0.963333333,23.62199925,Tortugas,7
5/13/2016,24.72227,-82.98708,0.71,23.01239927,Tortugas,7
5/13/2016,24.69374,-83.01121,0.51,22.25039929,Tortugas,5
5/14/2016,24.68256,-83.01213,0.656666667,19.35479939,Tortugas,6
5/14/2016,24.67969,-83.02558,0.69,17.22119945,Tortugas,8
5/14/2016,24.66155,-83.0244,0.256666667,18.13559942,Tortugas,5
5/14/2016,24.66657,-83.02176,0.943333333,17.06879945,Tortugas,10
5/14/2016,24.6789,-82.99505,0.896666667,24.07919923,Tortugas,7
5/14/2016,24.6772,-82.99448,0.83,24.68879921,Tortugas,9
5/14/2016,24.67824,-83.01801,1.05,16.61159947,Tortugas,10
5/15/2016,24.60679,-82.8719,1.5,18.44039941,Tortugas,5
5/15/2016,24.62085,-82.86258,0.916666667,9.143999709,Tortugas,10
5/15/2016,24.63125,-82.85759,0.423333333,10.05839968,Tortugas,9
5/15/2016,24.60046,-82.87341,0.43,8.077199742,Tortugas,6
5/15/2016,24.59145,-82.87435,1.416666667,13.86839956,Tortugas,11
5/15/2016,24.58933,-82.8846,1.05,14.78279953,Tortugas,9
5/15/2016,24.57709,-82.90421,0.243333333,11.58239963,Tortugas,6
5/15/2016,24.58288,-82.88835,0.543333333,12.6491996,Tortugas,5
5/15/2016,24.59865,-82.87169,0.51,14.32559954,Tortugas,6
5/15/2016,24.61007,-82.87096,1.373333333,12.4967996,Tortugas,12
5/16/2016,24.58912,-82.94318,0.703333333,13.71599956,Tortugas,7
5/16/2016,24.66313,-82.85821,0.27,8.534399727,Tortugas,5
5/16/2016,24.61373,-82.92942,0.74,13.25879958,Tortugas,8
5/16/2016,24.62035,-82.92306,0.63,7.162799771,Tortugas,7
5/16/2016,24.65709,-82.86862,0.63,7.315199766,Tortugas,10
5/16/2016,24.60877,-82.93293,1.283333333,10.97279965,Tortugas,10
5/16/2016,24.64221,-82.85604,0.623333333,10.36319967,Tortugas,12
5/16/2016,24.66716,-82.87287,0.716666667,6.2483998,Tortugas,12
5/17/2016,24.63315,-82.96631,1.08,21.03119933,Tortugas,7
5/17/2016,24.62953,-82.94263,0.27,7.772399752,Tortugas,3
5/17/2016,24.64292,-82.93114,0.63,7.619999757,Tortugas,8
5/17/2016,24.63338,-82.93345,0.356666667,7.619999756,Tortugas,3
5/17/2016,24.64482,-82.94013,0.676666667,12.80159959,Tortugas,10
5/17/2016,24.63216,-82.94773,1.203333333,19.04999939,Tortugas,5
5/17/2016,24.61995,-82.96973,1.163333333,18.59279941,Tortugas,7
5/17/2016,24.62957,-82.96538,1.783333333,19.04999939,Tortugas,13
5/17/2016,24.64763,-82.95693,0.43,20.11679936,Tortugas,4
5/18/2016,24.69691,-82.85974,0.63,7.010399776,Tortugas,10
5/18/2016,24.72343,-82.83911,0.416666667,24.38399922,Tortugas,3
5/18/2016,24.71857,-82.85067,0.496666667,12.19199961,Tortugas,7
5/18/2016,24.68833,-82.84195,0.443333333,8.839199717,Tortugas,11
5/18/2016,24.72291,-82.8532,0.416666667,25.29839919,Tortugas,3
5/18/2016,24.7132,-82.844,0.456666667,8.381999732,Tortugas,6
5/18/2016,24.65349,-82.8324,0.256666667,5.486399825,Tortugas,7
5/18/2016,24.66101,-82.80141,0.243333333,3.047999903,Tortugas,6
5/18/2016,24.66871,-82.81084,0.176666667,4.267199863,Tortugas,2
5/19/2016,24.56779,-82.94888,0.39,17.83079943,Tortugas,8
5/19/2016,24.58163,-82.92727,0.296666667,15.39239951,Tortugas,8
5/19/2016,24.62184,-82.90118,0.543333333,4.724399849,Tortugas,7
5/19/2016,24.55088,-82.9284,0.23,16.45919947,Tortugas,4
5/19/2016,24.56519,-82.94097,0.323333333,16.91639946,Tortugas,8
5/19/2016,24.546,-82.95488,0.283333333,19.20239939,Tortugas,7
5/19/2016,24.54199,-82.94307,0.496666667,21.48839932,Tortugas,7
5/19/2016,24.57066,-82.92463,0.583333333,12.34439961,Tortugas,8
5/19/2016,24.61438,-82.90212,0.43,6.095999805,Tortugas,10
5/19/2016,24.60734,-82.90277,0.536666667,7.619999756,Tortugas,7
5/20/2016,24.42076,-82.54673,0.23,18.28799942,Tortugas,5
5/20/2016,24.43465,-82.55201,0.95,15.23999951,Tortugas,13
5/20/2016,24.43447,-82.5671,0.403333333,15.6971995,Tortugas,9
5/20/2016,24.44672,-82.60763,1.4,15.08759952,Tortugas,12
5/20/2016,24.45748,-82.58721,0.743333333,13.56359957,Tortugas,11
5/20/2016,24.42387,-82.48625,0.53,16.61159947,Tortugas,9
5/20/2016,24.43146,-82.53184,0.296666667,16.61159947,Tortugas,9
5/20/2016,24.44243,-82.60848,1.4,20.11679936,Tortugas,10
5/21/2016,24.47591,-82.12249,0.416666667,11.27759964,Tortugas,9
5/21/2016,24.47341,-82.02497,0.35,10.05839968,Tortugas,10
5/21/2016,24.45707,-82.19911,0.643333333,15.84959949,Tortugas,13
5/21/2016,24.48323,-82.01456,0.436666667,9.905999684,Tortugas,7
5/21/2016,24.47449,-82.02641,0.43,10.97279965,Tortugas,11
5/21/2016,24.50428,-82.25288,1.033333333,13.10639958,Tortugas,5
6/1/2016,24.7025184,-82.77184887,0.55,21.48839932,Tortugas,8
6/1/2016,24.65625339,-82.78432198,0.396666667,13.25879958,Tortugas,11
6/1/2016,24.72773502,-82.77866436,0.256666667,23.62199925,Tortugas,8
6/1/2016,24.68187042,-82.77555275,0.603333333,10.36319967,Tortugas,8
6/2/2016,24.6767857,-83.08162767,0.596666667,20.11679936,Tortugas,9
6/2/2016,24.70403,-83.04774,1.116666667,21.33599932,Tortugas,12
6/2/2016,24.69092,-83.05819,0.623333333,22.0979993,Tortugas,10
6/2/2016,24.70196871,-83.0334847,1.116666667,25.45079919,Tortugas,11
6/3/2016,24.62397795,-83.09949344,0.403333333,23.46959925,Tortugas,4
6/3/2016,24.64895711,-83.102595,0.75,23.77439924,Tortugas,11
6/3/2016,24.65600688,-83.08527463,1.516666667,15.23999951,Tortugas,10
6/3/2016,24.66665014,-83.06764757,0.283333333,18.28799942,Tortugas,6
6/4/2016,24.61279205,-83.03517767,1.116666667,27.27959913,Tortugas,6
6/4/2016,24.65450342,-83.03464081,1.55,16.45919947,Tortugas,10
6/4/2016,24.64244203,-83.02132825,1.9,19.35479939,Tortugas,9
6/4/2016,24.64973797,-83.01889842,1.966666667,24.68879921,Tortugas,9
6/5/2016,24.69668786,-82.92490502,0.296666667,17.06879945,Tortugas,7
6/5/2016,24.66092882,-82.93717822,2,20.72639934,Tortugas,12
6/8/2016,24.63534,-82.84103,0.176666667,9.753599689,Tortugas,5
6/8/2016,24.63844,-82.79448,0.243333333,5.791199815,Tortugas,5
6/8/2016,24.62725,-82.82698,0.576666667,5.94359981,Tortugas,6
6/8/2016,24.64112,-82.81892,0.73,5.94359981,Tortugas,9
6/8/2016,24.6875,-82.88503,0.416666667,6.857999781,Tortugas,10
6/9/2016,24.57847,-82.97454,1.016666667,17.06879945,Tortugas,11
6/9/2016,24.71864,-82.88831,0.496666667,20.42159935,Tortugas,8
6/9/2016,24.60271,-82.97823,0.483333333,14.78279953,Tortugas,9
6/9/2016,24.58943,-82.95677,0.216666667,15.6971995,Tortugas,5
6/10/2016,24.45593,-82.18141,0.35,12.19199961,Tortugas,6
6/10/2016,24.44802,-82.1183,0.536666667,15.6971995,Tortugas,12
6/10/2016,24.44394,-82.04496,0.83,23.46959925,Tortugas,10
6/22/2016,24.51437,-81.92271,0.216666667,4.876799844,FLK,2
6/22/2016,24.44695,-81.97202,0.416666667,14.32559954,FLK,6
6/22/2016,24.46499,-81.9823,0.296666667,7.162799771,FLK,4
6/23/2016,24.45114,-81.94607,0.35,10.21079967,FLK,10
6/23/2016,24.44701,-81.95048,0.256666667,12.19199961,FLK,5
6/23/2016,24.44588,-81.9179,0.376666667,11.58239963,FLK,8
6/23/2016,24.43734,-81.92087,0.176666667,16.30679948,FLK,3
6/23/2016,24.43726,-81.9068,0.41,17.98319942,FLK,8
6/24/2016,24.46411,-81.83917,0.483333333,4.724399849,FLK,4
6/24/2016,24.45189,-81.88001,0.19,6.553199791,FLK,5
6/24/2016,26.0847,-80.0998,0.163333333,0.30479999,SEFCRI,2
6/24/2016,26.05528333,-80.0981,0.203333333,7.772399751,SEFCRI,3
6/24/2016,26.03543333,-80.10108333,0.19,7.467599761,SEFCRI,1
6/24/2016,26.0635,-80.09391667,0.19,0.30479999,SEFCRI,6
6/27/2016,24.46136,-81.7559,1.216666667,20.42159935,FLK,8
6/27/2016,24.46492,-81.82812,0.983333333,13.86839956,FLK,9
6/28/2016,24.50233,-81.61335,0.283333333,11.27759964,FLK,7
6/28/2016,24.50298,-81.6223,0.23,5.791199815,FLK,7
6/28/2016,24.49362,-81.65982,0.43,4.876799844,FLK,5
6/28/2016,24.48055,-81.71198,0.23,5.791199815,FLK,6
6/28/2016,24.48653,-81.70823,0.15,3.352799893,FLK,1
6/28/2016,24.48547,-81.70724,0.163333333,2.743199912,FLK,2
6/29/2016,24.50924,-81.73464,0.423333333,7.924799747,FLK,9
6/29/2016,24.50635,-81.70926,0.406666667,7.010399776,FLK,8
6/29/2016,24.51451,-81.69662,0.72,8.534399728,FLK,9
6/29/2016,24.47273,-81.82445,0.243333333,7.619999756,FLK,5
6/29/2016,24.47505,-81.72699,0.59,14.32559954,FLK,5
6/29/2016,24.46302,-81.7548,0.416666667,18.28799942,FLK,6
6/30/2016,24.50152,-81.67913,0.23,7.010399776,FLK,11
6/30/2016,24.48205,-81.66455,0.45,19.50719938,FLK,8
7/12/2016,24.54492,-81.57647,0.403333333,5.486399825,FLK,7
7/12/2016,24.54466,-81.56509,0.51,4.876799844,FLK,7
7/12/2016,24.52624,-81.52184,0.216666667,2.285999927,FLK,1
7/13/2016,24.57682,-81.61338,1.016666667,3.047999903,FLK,7
7/13/2016,24.52311,-81.51885,1.123333333,4.571999854,FLK,6
7/13/2016,24.52326,-81.51573,0.643333333,5.486399825,FLK,4
7/13/2016,24.52773,-81.52417,0.15,5.181599834,FLK,1
7/13/2016,24.51864,-81.53465,0.47,10.51559967,FLK,5
7/14/2016,24.545,-81.40713,1.463333333,7.162799771,FLK,9
7/14/2016,24.55071,-81.37587,0.536666667,17.52599944,FLK,7
7/20/2016,24.6165849,-81.3907287,0.903333333,2.438399922,FLK,3
7/20/2016,24.5975904,-81.4015353,0.176666667,8.381999732,FLK,5
7/22/2016,24.54996,-81.40128,0.176666667,4.724399849,FLK,1
7/22/2016,24.5404929,-81.4704662,0.616666667,7.924799747,FLK,10
8/8/2016,24.65144,-81.1423,0.216666667,9.296399703,FLK,5
8/8/2016,24.62667,-81.10922,1.183333333,4.571999854,FLK,6
8/8/2016,26.19516667,-80.0795,0.243333333,13.41119957,SEFCRI,6
8/8/2016,26.14783333,-80.08213333,0.176666667,18.44039941,SEFCRI,2
8/8/2016,26.17466667,-80.07573333,0.15,16.30679948,SEFCRI,3
8/8/2016,26.13005,-80.08028333,0.15,17.37359944,SEFCRI,2
8/8/2016,26.09796667,-80.08296667,0.31,18.44039941,SEFCRI,2
8/8/2016,26.09626667,-80.08293333,0.256666667,17.98319943,SEFCRI,3
8/9/2016,26.04476667,-80.09836667,0.19,10.97279965,SEFCRI,5
8/9/2016,26.03021667,-80.09455,0.283333333,13.10639958,SEFCRI,3
8/9/2016,26.03328333,-80.09428333,0.296666667,13.25879958,SEFCRI,5
8/9/2016,26.02235,-80.08726667,0.256666667,14.93519952,SEFCRI,6
8/9/2016,26.01696667,-80.08816667,0.243333333,16.15439948,SEFCRI,0
8/9/2016,26.06533333,-80.09283333,0.656666667,24.53639922,SEFCRI,5
8/9/2016,26.05881667,-80.0857,0.296666667,17.98319943,SEFCRI,3
8/9/2016,26.05753333,-80.08658333,0.15,16.15439948,SEFCRI,6
8/11/2016,24.61098,-81.17351,0.283333333,7.467599761,FLK,10
8/11/2016,24.63832,-81.06395,0.376666667,11.73479963,FLK,11
8/11/2016,24.62336,-81.10911,0.503333333,14.17319955,FLK,10
8/12/2016,24.65291,-81.02397,0.216666667,4.724399849,FLK,7
8/12/2016,24.64668,-81.0322,0.896666667,17.22119945,FLK,10
9/3/2016,26.99538333,-80.06475,0.243333333,21.9455993,SEFCRI,1
9/3/2016,26.98758333,-80.01078333,0.15,26.51759915,SEFCRI,2
9/3/2016,26.98758333,-80.00381667,0.15,27.43199912,SEFCRI,0
9/3/2016,26.99275,-80.01536667,0.216666667,19.35479939,SEFCRI,2
9/3/2016,26.99538333,-80.06475,0.15,13.71599956,SEFCRI,1
9/3/2016,27.06621667,-80.04386667,0.163333333,20.11679936,SEFCRI,1
9/3/2016,27.05635,-80.03386667,0.6,20.42159935,SEFCRI,2
9/4/2016,26.96173333,-80.00253333,0.15,29.56559905,SEFCRI,1
9/4/2016,26.94163333,-80.00311667,0.15,27.43199912,SEFCRI,0
9/4/2016,26.94015,-80.0101,0.15,23.31719926,SEFCRI,3
9/4/2016,26.91263333,-80.0323,0.163333333,22.0979993,SEFCRI,2
9/4/2016,26.91148333,-80.02475,0.15,23.31719926,SEFCRI,3
9/4/2016,26.90466667,-80.0296,0.15,22.85999927,SEFCRI,1
9/4/2016,26.86488333,-80.01723333,0.683333333,23.01239927,SEFCRI,4
9/12/2016,26.8628,-80.02373333,0.15,25.75559918,SEFCRI,1
9/12/2016,26.76881667,-80.01273333,0.616666667,25.29839919,SEFCRI,3
9/12/2016,26.77115,-80.01158333,0.15,23.77439924,SEFCRI,1
9/12/2016,26.8993,-80.01078333,0.15,24.38399922,SEFCRI,0
9/12/2016,26.86821667,-80.01325,0.15,22.85999927,SEFCRI,4
9/14/2016,26.67643333,-80.01633333,0.27,23.92679924,SEFCRI,2
9/14/2016,26.74003333,-80.03408333,0.216666667,0.30479999,SEFCRI,1
9/14/2016,26.74183333,-80.00923333,0.15,28.49879909,SEFCRI,1
9/14/2016,26.83283333,-80.0172,0.15,21.79319931,SEFCRI,2
9/14/2016,26.83075,-80.00008333,0.203333333,23.46959925,SEFCRI,3
9/15/2016,26.55986667,-80.0273,0.15,19.20239939,SEFCRI,3
9/15/2016,26.55917,-80.0285,0.15,16.91639946,SEFCRI,1
9/15/2016,26.5862,-80.02448333,0.15,18.59279941,SEFCRI,3
9/15/2016,26.56241667,-80.02566667,0.15,25.45079919,SEFCRI,0
9/15/2016,26.56608333,-80.0255,0.15,24.23159923,SEFCRI,1
9/22/2016,26.08965,-80.09368333,0.15,12.80159959,SEFCRI,2
9/22/2016,26.07166667,-80.09243333,0.19,14.93519952,SEFCRI,3
9/27/2016,24.76335,-80.7553,0.563333333,10.82039966,FLK,12
9/27/2016,25.92596667,-80.10536667,0.15,9.601199693,SEFCRI,1
9/27/2016,25.96068333,-80.1022,0.15,9.601199693,SEFCRI,4
9/27/2016,25.99623,-80.10095,0.31,11.12519965,SEFCRI,3
9/27/2016,25.92745,-80.09991667,0.283333333,11.58239963,SEFCRI,5
9/27/2016,25.98675,-80.09298333,0.256666667,17.06879945,SEFCRI,4
9/27/2016,25.99411667,-80.08916667,0.323333333,21.03119933,SEFCRI,1
9/28/2016,26.20328333,-80.08675,0.176666667,4.876799844,SEFCRI,3
9/28/2016,26.1882,-80.0886,0.15,3.962399873,SEFCRI,3
9/28/2016,26.16218333,-80.09666667,0.15,4.419599859,SEFCRI,2
9/28/2016,26.21538333,-80.08393333,0.483333333,6.857999781,SEFCRI,5
9/28/2016,26.21775,-80.08175,0.39,7.162799771,SEFCRI,5
9/28/2016,26.23083333,-80.06935,0.39,15.5447995,SEFCRI,3
9/28/2016,26.23311667,-80.0742,0.15,16.91639946,SEFCRI,4
9/28/2016,26.19573333,-80.07925,0.303846154,13.86839956,SEFCRI,7
9/29/2016,24.90062,-80.6171,1.6,3.352799893,FLK,8
9/29/2016,24.86167,-80.60107,0.176666667,3.657599883,FLK,4
9/29/2016,24.76754,-80.75204,0.243333333,3.505199888,FLK,5
9/29/2016,24.76773,-80.75027,0.163333333,6.705599785,FLK,10
9/29/2016,26.00153333,-80.11191667,0.15,4.724399849,SEFCRI,1
9/29/2016,25.87205,-80.11191667,0.15,6.400799795,SEFCRI,3
9/29/2016,25.80918333,-80.09966667,0.15,7.772399751,SEFCRI,3
9/29/2016,25.80663333,-80.10753333,0.203333333,7.010399776,SEFCRI,3
9/29/2016,25.80368333,-80.0914,0.15,8.534399727,SEFCRI,2
9/29/2016,25.86881667,-80.10455,0.15,7.924799746,SEFCRI,1
9/29/2016,25.85471667,-80.09971667,0.19,8.534399727,SEFCRI,5
9/29/2016,25.83123333,-80.09333333,0.19,10.82039966,SEFCRI,2
9/29/2016,25.83775,-80.0995,0.203333333,9.143999707,SEFCRI,5
9/29/2016,25.76966667,-80.08826667,0.15,17.06879945,SEFCRI,3
9/29/2016,25.8614,-80.09255,0.176666667,16.91639946,SEFCRI,1
9/29/2016,25.78821667,-80.08813333,0.39,15.39239951,SEFCRI,6
9/30/2016,24.84862,-80.61772,0.176666667,6.553199791,FLK,10
9/30/2016,24.8357,-80.63258,1.083333333,20.11679936,FLK,12
9/30/2016,26.31065,-80.06546667,0.15,17.98319942,SEFCRI,5
9/30/2016,26.36958333,-80.05446667,0.176666667,15.6971995,SEFCRI,2
9/30/2016,26.37746667,-80.05298333,0.15,23.01239927,SEFCRI,2
10/3/2016,26.22498333,-80.06966667,0.85,23.46959925,SEFCRI,6
10/3/2016,26.19408333,-80.06995,1.1,27.27959913,SEFCRI,8
10/4/2016,26.11138333,-80.08658333,0.163333333,18.44039941,SEFCRI,3
10/4/2016,26.09685,-80.08391667,0.15,15.08759952,SEFCRI,5
10/21/2016,25.65975,-80.0879,0.523333333,22.0979993,FLK,5
10/21/2016,26.33358333,-80.05776667,0.216666667,17.52599944,SEFCRI,4
10/21/2016,26.48481667,-80.0405,0.15,18.59279941,SEFCRI,6
10/21/2016,26.41563333,-80.0505,0.15,19.96439937,SEFCRI,6
10/21/2016,26.50883333,-80.03383333,1.233333333,18.28799942,SEFCRI,5
10/21/2016,26.40071667,-80.05091667,0.243333333,22.55519928,SEFCRI,8
10/21/2016,26.43696667,-80.04603333,0.243333333,23.77439924,SEFCRI,4
10/22/2016,26.3288,-80.0662,0.216666667,12.4967996,SEFCRI,5
10/22/2016,26.30063333,-80.06013333,0.216666667,20.26919936,SEFCRI,5
11/4/2016,25.61221,-80.10626,0.243333333,6.400799795,FLK,3
11/4/2016,26.29583333,-80.07473333,0.15,4.571999854,SEFCRI,2
11/4/2016,26.28233333,-80.06113333,0.536666667,24.84119921,SEFCRI,6
11/9/2016,25.16055,-80.28582,0.363333333,3.657599883,FLK,6
11/10/2016,25.12653,-80.26644,0.756666667,25.45079919,FLK,9
11/15/2016,27.14025,-80.0719167,0.23,23.16479926,SEFCRI,3
11/15/2016,27.090833,-80.042417,0.15,21.18359933,SEFCRI,2
11/16/2016,27.125833,-80.134167,0.363333333,4.876799844,SEFCRI,3
11/16/2016,27.11625,-80.128917,0.43,9.448799698,SEFCRI,2
11/16/2016,27.107083,-80.1235,0.15,7.010399776,SEFCRI,1
12/1/2016,25.43187,-80.13137,0.87,8.839199717,FLK,7
12/1/2016,25.40086,-80.12876,0.216666667,11.88719962,FLK,4
12/1/2016,25.45783,-80.11259,0.743333333,17.37359944,FLK,10
12/2/2016,25.38479,-80.15346,0.43,7.924799747,FLK,12
12/2/2016,25.41623,-80.14463,0.496666667,3.200399898,FLK,7
12/2/2016,25.37697,-80.13488,0.87,21.9455993,FLK,9
12/2/2016,25.37554,-80.13761,0.376666667,9.296399703,FLK,9
12/7/2016,25.21282,-80.21911,0.43,3.809999878,FLK,7
12/7/2016,25.22417,-80.20896,0.656666667,3.809999878,FLK,4
12/7/2016,25.20969,-80.21816,1.266666667,5.63879982,FLK,4
12/8/2016,25.31024,-80.21864,0.63,5.333999829,FLK,10
12/8/2016,25.32453,-80.16182,0.243333333,10.97279965,FLK,8
12/8/2016,25.24075,-80.20821,0.31,8.534399727,FLK,3
12/8/2016,25.24529,-80.19686,0.35,6.095999805,FLK,6
12/13/2016,24.93758,-80.54753,1.5,3.962399873,FLK,7
12/13/2016,24.92227,-80.50582,0.623333333,6.2483998,FLK,9
12/13/2016,24.92346,-80.50191,0.336666667,11.88719962,FLK,9
12/13/2016,24.91022,-80.50652,0.59,27.58439912,FLK,9
12/14/2016,24.94656,-80.55196,1.253333333,2.743199912,FLK,5
12/14/2016,24.9466,-80.47281,0.23,4.876799844,FLK,6
12/14/2016,24.95293,-80.45909,0.536666667,10.05839968,FLK,7
12/14/2016,24.908,-80.53004,0.216666667,6.400799795,FLK,7
12/14/2016,24.95487,-80.45799,0.8,5.791199815,FLK,5
12/14/2016,24.9096,-80.52177,0.416666667,11.58239963,FLK,10
12/14/2016,24.9471,-80.45482,1.083333333,23.46959925,FLK,12
12/15/2016,24.89379,-80.55383,0.59,7.315199766,FLK,9
12/15/2016,24.89871,-80.56672,0.203333333,5.94359981,FLK,6
12/15/2016,24.9363,-80.48547,0.243333333,8.534399727,FLK,8
12/15/2016,24.93924,-80.48933,0.31,9.143999707,FLK,8
12/15/2016,24.95182,-80.45016,1.023333333,24.23159923,FLK,11
12/15/2016,24.9204,-80.50447,0.536666667,13.86839956,FLK,13
7/11/2018,24.63611,-83.04633,0.496666667,16.15439948,Tortugas,4
7/11/2018,24.63935,-83.02288,0.416666667,24.68879921,Tortugas,4
7/11/2018,24.65213,-83.01417,0.97,21.18359933,Tortugas,8
7/11/2018,24.66274,-82.99051,1.333333333,25.90799917,Tortugas,12
7/12/2018,24.73097,-82.79692,0.363333333,17.52599944,Tortugas,9
7/12/2018,24.71707,-82.79037,0.283333333,11.27759964,Tortugas,5
7/12/2018,24.69132,-82.78541,0.296666667,7.162799771,Tortugas,10
7/12/2018,24.72138,-82.79869,0.783333333,14.17319955,Tortugas,7
7/12/2018,24.70512,-82.78852,0.163333333,8.229599737,Tortugas,4
7/13/2018,24.67758,-83.0847,0.763333333,21.64079931,Tortugas,11
7/13/2018,24.64686,-83.07667,0.283333333,12.6491996,Tortugas,6
7/13/2018,24.66307,-83.06039,0.256666667,16.00199949,Tortugas,8
7/13/2018,24.66044,-83.07842,0.91,17.22119945,Tortugas,9
7/14/2018,24.71938,-82.98569,0.703333333,18.13559942,Tortugas,8
7/14/2018,24.7132,-83.04003,1.416666667,26.51759915,Tortugas,11
7/14/2018,24.69705,-83.0024,1.566666667,24.07919923,Tortugas,9
7/14/2018,24.70117,-83.03439,0.963333333,23.46959925,Tortugas,8
7/15/2018,24.72226,-82.82856,1.156666667,16.15439948,Tortugas,12
7/15/2018,24.71567,-82.84341,0.343333333,10.05839968,Tortugas,7
7/15/2018,24.71159,-82.86465,0.443333333,11.12519965,Tortugas,6
7/15/2018,24.67929,-82.89694,0.23,5.486399825,Tortugas,5
7/15/2018,24.72252,-82.81532,0.603333333,16.61159947,Tortugas,12
7/16/2018,24.71964,-82.87695,0.496666667,16.61159947,Tortugas,11
7/16/2018,24.70534,-82.86513,0.67,9.448799698,Tortugas,11
7/16/2018,24.68343,-82.92562,1.146666667,16.15439948,Tortugas,11
7/16/2018,24.63609,-82.95874,1.54,16.15439948,Tortugas,10
7/16/2018,24.71069,-82.9112,0.55,20.57399935,Tortugas,9
7/17/2018,24.67825,-83.01815,0.65,16.91639946,Tortugas,9
7/17/2018,24.66427,-83.01035,0.336666667,20.72639934,Tortugas,7
7/17/2018,24.65976,-83.02388,0.416666667,16.15439948,Tortugas,9
7/17/2018,24.67971,-83.01236,0.556666667,17.83079943,Tortugas,10
7/18/2018,24.6617,-82.93086,0.8,17.06879945,Tortugas,9
7/18/2018,24.6762,-82.91499,0.336666667,11.58239963,Tortugas,7
7/18/2018,24.63454,-82.93813,0.416666667,8.991599712,Tortugas,5
7/18/2018,24.65616303,-82.95004603,0.65,25.90799917,Tortugas,10
7/18/2018,24.65586,-82.92618,0.483333333,14.47799954,Tortugas,7
7/19/2018,24.63196,-83.03745,0.35,14.93519952,Tortugas,5
7/19/2018,24.61077,-83.03641,0.483333333,26.36519916,Tortugas,6
7/19/2018,24.62884,-83.02582,0.176666667,20.11679936,Tortugas,2
7/19/2018,24.57108,-83.04001,0.27,26.51759915,Tortugas,5
7/20/2018,24.59505,-82.91354,0.71,9.296399703,Tortugas,6
7/20/2018,24.58221,-82.97905,0.243333333,18.74519941,Tortugas,4
7/20/2018,24.59838,-82.95029,0.463333333,16.45919947,Tortugas,5
7/20/2018,24.58765,-82.96849,0.423333333,16.30679948,Tortugas,6
7/20/2018,24.61198,-82.93323,1.38,12.95399959,Tortugas,13
8/6/2018,25.061133,-80.397017,0.35,2.895599907,FLK,6
8/6/2018,25.040083,-80.38015,0.443333333,2.895599907,FLK,6
8/6/2018,25.058367,-80.39885,0.15,2.438399922,FLK,1
8/7/2018,25.02931,-80.35126,0.736666667,17.52599944,FLK,6
8/7/2018,25.11927,-80.2754,0.443333333,15.39239951,FLK,5
8/8/2018,24.901233,-80.568933,0.15,6.55319979,FLK,1
8/8/2018,24.9577,-80.43355,0.363333333,5.63879982,FLK,4
8/9/2018,25.2301,-80.22808,0.616666667,2.895599908,FLK,5
8/9/2018,25.2939,-80.163067,0.53,19.04999939,FLK,6
8/10/2018,25.2121,-80.220717,0.716666667,4.114799869,FLK,5
8/10/2018,25.174083,-80.2342,0.243333333,16.61159947,FLK,4
8/10/2018,25.006817,-80.3761,0.563333333,14.47799954,FLK,10
8/13/2018,24.552333,-81.685733,0.323333333,5.94359981,FLK,11
8/13/2018,24.50585,-81.709333,0.296666667,5.94359981,FLK,6
8/13/2018,24.4827,-81.712217,0.163333333,1.371599956,FLK,1
8/13/2018,24.494667,-81.638167,0.923333333,17.67839943,FLK,9
8/14/2018,24.521733,-81.652317,0.51,6.095999805,FLK,11
8/14/2018,24.5348,-81.632267,0.496666667,5.791199815,FLK,11
8/14/2018,24.86896,-80.60283,0.31,4.724399849,FLK,5
8/14/2018,24.538233,-81.453367,0.416666667,6.2483998,FLK,6
8/14/2018,24.88607,-80.56187,0.243333333,7.772399751,FLK,6
8/14/2018,25.7993833,-80.09264,0.336666667,14.17319955,SEFCRI,5
8/15/2018,24.77372,-80.721,1.106666667,13.10639958,FLK,7
8/20/2018,24.46324,-81.83986,0.336666667,3.809999878,FLK,6
8/20/2018,24.72209,-82.82615,0.956666667,15.08759952,Tortugas,12
8/20/2018,24.72209,-82.82615,0.956666667,15.08759952,Tortugas,7
8/20/2018,24.7109,-82.84072,0.31,4.876799844,Tortugas,4
8/20/2018,24.7109,-82.84072,0.31,4.876799844,Tortugas,3
8/20/2018,24.72085,-82.81997,0.523333333,13.25879958,Tortugas,8
8/20/2018,24.72085,-82.81997,0.523333333,13.25879958,Tortugas,6
8/20/2018,24.71911,-82.83219,0.403333333,9.448799699,Tortugas,8
8/20/2018,24.71911,-82.83219,0.403333333,9.448799699,Tortugas,5
8/20/2018,24.70406,-82.86106,0.59,6.705599786,Tortugas,6
8/20/2018,24.70406,-82.86106,0.59,6.705599786,Tortugas,9
8/20/2018,24.71199,-82.85766,0.49,9.143999708,Tortugas,7
8/20/2018,24.71199,-82.85766,0.49,9.143999708,Tortugas,5
8/20/2018,24.72466,-82.82048,0.536666667,21.33599932,Tortugas,10
8/21/2018,24.64811,-82.85707,0.443333333,5.94359981,Tortugas,8
8/21/2018,24.64811,-82.85707,0.443333333,5.94359981,Tortugas,8
8/21/2018,24.64905,-82.92287,0.216666667,8.229599737,Tortugas,6
8/21/2018,24.64905,-82.92287,0.216666667,8.229599737,Tortugas,5
8/21/2018,24.60634,-82.96397,1.036666667,13.10639958,Tortugas,8
8/21/2018,24.60634,-82.96397,1.036666667,13.10639958,Tortugas,7
8/21/2018,24.60725,-82.95513,0.27,12.4967996,Tortugas,8
8/21/2018,24.60725,-82.95513,0.27,12.4967996,Tortugas,6
8/21/2018,24.60759,-82.93583,0.83,14.32559954,Tortugas,10
8/21/2018,24.60759,-82.93583,0.83,14.32559954,Tortugas,12
8/21/2018,24.64871,-82.92396,0.51,9.143999708,Tortugas,7
8/21/2018,24.64871,-82.92396,0.51,9.143999708,Tortugas,6
8/21/2018,24.60692,-82.93263,0.543333333,13.56359957,Tortugas,9
8/21/2018,24.60692,-82.93263,0.543333333,13.56359957,Tortugas,10
8/21/2018,24.65789,-82.92172,0.31,10.82039966,Tortugas,9
8/21/2018,24.65789,-82.92172,0.31,10.82039966,Tortugas,11
8/21/2018,24.6062,-82.94888,1.833333333,14.47799954,Tortugas,11
8/21/2018,24.6062,-82.94888,1.833333333,14.47799954,Tortugas,12
8/22/2018,24.47869,-81.96274,0.163333333,10.66799966,FLK,3
8/22/2018,24.64455,-83.07517,0.23,15.6971995,Tortugas,5
8/22/2018,24.60941,-83.09611,0.376666667,24.07919923,Tortugas,4
8/22/2018,24.63453,-83.10352,0.763333333,26.06039917,Tortugas,12
8/22/2018,24.61273,-83.09866,0.616666667,24.68879921,Tortugas,9
8/22/2018,24.63819,-83.06826,0.243333333,16.45919947,Tortugas,2
8/22/2018,24.63184,-83.10139,0.403333333,22.0979993,Tortugas,7
8/22/2018,24.6337,-83.0702,0.443333333,16.30679948,Tortugas,8
8/22/2018,24.69101,-83.06484,1.45,24.23159923,Tortugas,10
8/22/2018,24.67935,-83.06744,0.696666667,19.96439937,Tortugas,10
8/22/2018,24.64863,-83.07517,0.85,17.67839943,Tortugas,12
8/22/2018,24.67235,-83.06731,0.443333333,18.74519941,Tortugas,7
8/22/2018,24.67831,-83.06504,1.283333333,19.50719938,Tortugas,10
8/22/2018,24.67079,-83.06887,0.57,18.44039941,Tortugas,12
8/22/2018,24.68981,-83.06761,1.75,26.21279916,Tortugas,13
8/23/2018,24.70194,-83.02931,0.59,28.0415991,Tortugas,12
8/23/2018,24.71351,-83.02954,0.883333333,28.95599907,Tortugas,10
8/23/2018,24.70249,-83.03658,0.83,24.68879921,Tortugas,12
8/23/2018,24.71924,-82.98492,0.816666667,18.28799942,Tortugas,11
8/23/2018,24.71168,-83.02719,1.016666667,30.02279904,Tortugas,10
8/23/2018,24.70845,-82.98426,0.363333333,21.33599932,Tortugas,8
8/23/2018,24.70992,-82.9819,0.683333333,28.1939991,Tortugas,8
8/23/2018,24.69919,-83.00007,1.533333333,20.87879934,Tortugas,12
8/23/2018,24.72012,-82.98758,0.856666667,19.20239939,Tortugas,10
8/23/2018,24.6954,-82.98131,0.39,26.82239914,Tortugas,10
8/24/2018,24.45258,-81.93717,0.47,9.601199694,FLK,10
8/24/2018,24.43622,-81.9379,0.51,20.72639934,FLK,4
8/24/2018,24.43341,-81.95053,0.536666667,21.48839932,FLK,4
8/24/2018,24.69422,-82.84181,0.15,8.381999732,Tortugas,11
8/24/2018,24.66266,-82.81282,0.456666667,4.267199864,Tortugas,14
8/24/2018,24.66266,-82.81282,0.456666667,4.267199864,Tortugas,9
8/24/2018,24.68874,-82.80864,0.69,2.438399922,Tortugas,5
8/24/2018,24.68874,-82.80864,0.69,2.438399922,Tortugas,4
8/24/2018,24.675,-82.80116,0.296666667,3.505199888,Tortugas,12
8/24/2018,24.675,-82.80116,0.296666667,3.505199888,Tortugas,9
8/24/2018,24.691612,-82.839945,0.343333333,12.03959962,Tortugas,10
8/24/2018,24.691612,-82.839945,0.343333333,12.03959962,Tortugas,12
8/24/2018,24.66476,-82.81311,0.15,7.467599761,Tortugas,8
8/24/2018,24.67393,-82.88635,0.456666667,5.333999829,Tortugas,10
8/24/2018,24.67393,-82.88635,0.456666667,5.333999829,Tortugas,10
8/24/2018,24.696748,-82.86275,0.336666667,6.705599785,Tortugas,10
8/24/2018,24.696748,-82.86275,0.336666667,6.705599785,Tortugas,10
8/24/2018,24.668606,-82.875175,0.51,5.791199815,Tortugas,9
8/24/2018,24.668606,-82.875175,0.51,5.791199815,Tortugas,8
8/24/2018,24.67445,-82.87765,0.31,8.534399727,Tortugas,2
8/24/2018,24.69711,-82.86449,1.9,13.10639958,Tortugas,9
8/24/2018,24.66364,-82.87767,1.206666667,8.991599713,Tortugas,9
8/25/2018,24.70755,-82.79465,0.256666667,7.162799771,Tortugas,6
8/25/2018,24.70755,-82.79465,0.256666667,7.162799771,Tortugas,7
8/25/2018,24.73051,-82.79893,0.696666667,16.30679948,Tortugas,11
8/25/2018,24.72239,-82.7893,0.716666667,14.78279953,Tortugas,9
8/25/2018,24.72239,-82.7893,0.716666667,14.78279953,Tortugas,6
8/25/2018,24.7317,-82.78209,0.43,22.25039929,Tortugas,12
8/25/2018,24.68704,-82.77881,0.216666667,4.876799844,Tortugas,5
8/25/2018,24.68704,-82.77881,0.216666667,4.876799844,Tortugas,6
8/25/2018,24.70144,-82.77231,0.59,19.35479939,Tortugas,10
8/25/2018,24.72535,-82.80071,0.483333333,16.15439948,Tortugas,10
8/25/2018,24.72535,-82.80071,0.483333333,16.15439948,Tortugas,6
8/25/2018,24.70959,-82.78907,0.323333333,16.76399946,Tortugas,6
8/25/2018,24.70959,-82.78907,0.323333333,16.76399946,Tortugas,9
8/25/2018,24.68799,-82.77191,1.023333333,10.51559966,Tortugas,14
8/25/2018,24.706853,-82.77395,0.283333333,17.83079943,Tortugas,14
8/25/2018,24.706853,-82.77395,0.283333333,17.83079943,Tortugas,10
8/25/2018,24.73305,-82.78907,0.53,17.98319942,Tortugas,11
8/25/2018,24.73305,-82.78907,0.53,17.98319942,Tortugas,7
8/25/2018,24.71418,-82.77647,0.35,21.03119933,Tortugas,8
8/26/2018,24.57364,-82.92619,0.816666667,13.86839956,Tortugas,11
8/26/2018,24.57364,-82.92619,0.816666667,13.86839956,Tortugas,15
8/26/2018,24.57588,-82.9232,0.296666667,10.97279965,Tortugas,6
8/26/2018,24.57588,-82.9232,0.296666667,10.97279965,Tortugas,11
8/26/2018,24.560667,-82.915026,0.403333333,12.80159959,Tortugas,8
8/26/2018,24.5668,-82.92746,0.43,12.19199961,Tortugas,10
8/26/2018,24.5668,-82.92746,0.43,12.19199961,Tortugas,4
8/26/2018,24.58439,-82.96993,0.256666667,12.95399959,Tortugas,5
8/26/2018,24.568373,-82.947721,0.51,18.7451994,Tortugas,13
8/26/2018,24.58288,-82.93204,0.523333333,13.86839956,Tortugas,18
8/26/2018,24.58288,-82.93204,0.523333333,13.86839956,Tortugas,11
8/26/2018,24.58351,-82.96638,0.296666667,12.4967996,Tortugas,5
8/26/2018,24.56737,-82.94956,0.916666667,19.35479939,Tortugas,12
8/27/2018,24.62478,-82.83515,0.216666667,5.181599834,Tortugas,5
8/27/2018,24.62478,-82.83515,0.216666667,5.181599834,Tortugas,7
8/27/2018,24.57586,-82.90272,0.67,15.6971995,Tortugas,9
8/27/2018,24.57586,-82.90272,0.67,15.6971995,Tortugas,6
8/27/2018,24.57989,-82.90841,0.39,12.34439961,Tortugas,7
8/27/2018,24.57989,-82.90841,0.39,12.34439961,Tortugas,7
8/27/2018,24.58264,-82.89167,0.576666667,10.05839968,Tortugas,4
8/27/2018,24.58264,-82.89167,0.576666667,10.05839968,Tortugas,6
8/27/2018,24.63762,-82.8067,0.23,4.267199863,Tortugas,8
8/27/2018,24.63762,-82.8067,0.23,4.267199863,Tortugas,7
8/27/2018,24.63071,-82.81331,0.27,8.077199742,Tortugas,8
8/27/2018,24.63071,-82.81331,0.27,8.077199742,Tortugas,6
8/27/2018,24.6201,-82.86237,1.816666667,14.78279953,Tortugas,12
8/27/2018,24.6201,-82.86237,1.816666667,14.78279953,Tortugas,13
8/27/2018,24.64747,-82.83515,0.243333333,8.991599712,Tortugas,10
8/27/2018,24.64747,-82.83515,0.243333333,8.991599712,Tortugas,10
8/27/2018,24.61679,-82.86564,0.743333333,20.42159935,Tortugas,9
8/27/2018,24.59526,-82.88601,0.31,5.63879982,Tortugas,9
8/27/2018,24.59526,-82.88601,0.31,5.63879982,Tortugas,8
8/27/2018,24.59551,-82.88401,0.563333333,7.010399776,Tortugas,7
8/27/2018,24.59551,-82.88401,0.563333333,7.010399776,Tortugas,11
8/27/2018,24.64725,-82.7927,0.376666667,9.601199693,Tortugas,5
8/27/2018,24.64725,-82.7927,0.376666667,9.601199693,Tortugas,5
8/28/2018,24.66235,-82.93566,1.776666667,22.55519928,Tortugas,10
8/28/2018,24.70131,-82.9042,0.23,14.02079955,Tortugas,3
8/28/2018,24.70131,-82.9042,0.23,14.02079955,Tortugas,3
8/28/2018,24.71583,-82.88182,0.576666667,14.47799954,Tortugas,7
8/28/2018,24.71583,-82.88182,0.576666667,14.47799954,Tortugas,8
8/28/2018,24.70942,-82.87023,1.566666667,14.47799954,Tortugas,9
8/28/2018,24.70942,-82.87023,1.566666667,14.47799954,Tortugas,11
8/28/2018,24.64001,-82.9602,1.483333333,22.25039929,Tortugas,14
8/28/2018,24.63982,-82.96483,0.636666667,23.92679924,Tortugas,12
8/28/2018,24.66252,-82.92735,0.676666667,17.37359944,Tortugas,12
8/28/2018,24.66252,-82.92735,0.676666667,17.37359944,Tortugas,6
8/28/2018,24.69874,-82.90954,0.563333333,14.17319955,Tortugas,6
8/28/2018,24.69874,-82.90954,0.563333333,14.17319955,Tortugas,7
8/28/2018,24.6802,-82.8858,0.816666667,12.19199961,Tortugas,11
8/28/2018,24.6802,-82.8858,0.816666667,12.19199961,Tortugas,13
9/5/2018,25.771581,-80.08817,0.416666667,16.45919947,SEFCRI,6
9/5/2018,25.7704333,-80.0876333,0.35,18.44039941,SEFCRI,3
9/6/2018,25.9539333,-80.10025,0.296666667,9.143999708,SEFCRI,6
9/6/2018,25.97675,-80.0999667,0.376666667,10.05839968,SEFCRI,5
9/6/2018,26.0106667,-80.1010833,0.323333333,9.143999708,SEFCRI,5
9/6/2018,25.9570667,-80.0999333,0.363333333,10.05839968,SEFCRI,7
9/6/2018,26.0105667,-80.0885667,0.35,17.83079943,SEFCRI,3
9/6/2018,26.0042333,-80.0895833,0.163333333,17.83079943,SEFCRI,0
9/6/2018,25.9605833,-80.0887667,0.363333333,17.52599944,SEFCRI,4
9/6/2018,25.9626167,-80.0889167,0.756666667,19.96439937,SEFCRI,4
9/7/2018,25.82206,-80.091247,0.256666667,13.86839956,SEFCRI,3
9/10/2018,24.47273,-81.81496,0.71,7.772399752,FLK,5
9/10/2018,24.46214,-81.83986,0.363333333,5.94359981,FLK,6
9/11/2018,24.53334,-81.86984,0.19,2.743199912,FLK,3
9/11/2018,24.45254,-81.87693,1.883333333,3.657599883,FLK,10
9/11/2018,24.44649,-81.90057,1.04,21.9455993,FLK,8
9/12/2018,24.48484,-81.85841,0.97,6.857999781,FLK,11
9/12/2018,24.45191,-81.86812,1.433333333,20.11679936,FLK,10
9/12/2018,24.48535,-81.84261,0.23,8.686799722,FLK,8
9/12/2018,26.31625,-80.06525,0.296666667,16.76399946,SEFCRI,6
9/12/2018,26.3145,-80.0741667,0.15,2.133599932,SEFCRI,0
9/12/2018,26.3774833,-80.0539167,0.31,19.65959938,SEFCRI,6
9/12/2018,26.33585,-80.0586833,0.336666667,19.35479939,SEFCRI,5
9/12/2018,26.5291667,-80.0297833,0.39,26.21279916,SEFCRI,6
9/12/2018,26.5254167,-80.0316333,0.31,21.33599932,SEFCRI,2
9/12/2018,26.5244,-80.0326833,0.296666667,14.17319955,SEFCRI,2
9/19/2018,26.0906167,-80.09555,0.216666667,9.753599689,SEFCRI,4
9/19/2018,25.9054,-80.09075,0.31,19.81199937,SEFCRI,3
9/19/2018,26.0435667,-80.1061333,0.203333333,5.181599834,SEFCRI,2
9/19/2018,25.9273,-80.0877333,0.53,21.9455993,SEFCRI,6
9/19/2018,25.97665,-80.0998,0.363333333,10.05839968,SEFCRI,5
9/19/2018,26.0107667,-80.1013167,0.27,8.534399727,SEFCRI,5
9/25/2018,25.3689129,-80.1814807,0.376666667,3.657599883,FLK,8
9/25/2018,25.3544764,-80.13835655,0.376666667,2.895599908,FLK,8
9/25/2018,25.3743363,-80.1824381,0.556666667,4.419599859,FLK,8
9/25/2018,25.3741619,-80.1516268,0.336666667,7.162799771,FLK,7
9/25/2018,25.3876137,-80.1356279,0.216666667,2.895599908,FLK,5
9/26/2018,25.3322,-80.2334,0.15,3.505199888,FLK,0
9/26/2018,25.34985,-80.1637215,0.336666667,8.686799723,FLK,9
9/26/2018,25.3348985,-80.2373532,0.15,2.895599907,FLK,3
9/26/2018,26.2103,-80.0783333,0.283333333,12.80159959,SEFCRI,6
9/26/2018,26.1717833,-80.0886667,0.15,3.657599883,SEFCRI,2
9/26/2018,26.2376667,-80.0658333,0.296666667,24.53639922,SEFCRI,5
9/26/2018,26.2818667,-80.0620667,0.203333333,16.15439948,SEFCRI,3
9/26/2018,26.29145,-80.0618333,0.323333333,14.93519952,SEFCRI,4
9/26/2018,26.3045333,-80.0593667,0.23,22.25039929,SEFCRI,4
9/26/2018,26.2696,-80.0617667,0.39,25.45079919,SEFCRI,4
9/27/2018,25.4139322,-80.1583087,0.283333333,4.419599859,FLK,10
9/27/2018,25.4093774,-80.1513806,0.536666667,6.705599786,FLK,15
9/27/2018,25.422951,-80.1572517,0.39,3.047999903,FLK,8
9/27/2018,25.4002317,-80.1315614,0.283333333,3.505199888,FLK,4
10/11/2018,25.04154,-80.42761,0.456666667,3.962399873,FLK,8
10/11/2018,24.98817,-80.41769,0.216666667,2.895599907,FLK,1
10/11/2018,24.97508,-80.41877,1.35,24.68879921,FLK,8
10/12/2018,25.03421,-80.34565,0.73,22.0979993,FLK,7
10/12/2018,25.10519,-80.30716,1.866666667,5.33399983,FLK,8
10/23/2018,25.888696,-80.107344,0.216666667,8.077199742,SEFCRI,5
10/24/2018,24.72065,-80.92662,0.51,5.33399983,FLK,7
10/24/2018,24.68983,-81.03317,0.416666667,6.2483998,FLK,7
10/24/2018,24.63507,-81.09106,0.176666667,3.047999902,FLK,3
10/24/2018,24.68293,-80.97189,0.23,3.962399873,FLK,3
10/24/2018,25.5887,-80.0973,0.216666667,3.047999903,FLK,2
10/24/2018,25.5634722,-80.0985319,0.496666667,11.58239963,FLK,5
10/24/2018,24.62732,-81.10985,0.683333333,3.047999903,FLK,3
10/24/2018,25.568902,-80.1004823,0.596666667,5.94359981,FLK,5
10/24/2018,24.72227,-80.81535,1.3,24.53639922,FLK,11
10/24/2018,25.6004,-80.0903,0.443333333,22.55519928,FLK,8
10/24/2018,25.6077094,-80.0972045,0.15,8.534399727,FLK,1
10/25/2018,24.55937,-81.47856,0.43,8.991599713,FLK,8
10/25/2018,25.4707,-80.136,0.776666667,7.619999757,FLK,5
10/25/2018,25.5374,-80.1137,0.403333333,7.010399776,FLK,6
10/25/2018,24.5992,-81.2562,0.296666667,10.36319967,FLK,6
10/25/2018,24.57032,-81.31096,0.296666667,10.05839968,FLK,10
10/25/2018,24.54464,-81.40674,0.563333333,9.143999707,FLK,4
10/25/2018,25.5427,-80.0987,0.203333333,12.6491996,FLK,6
10/25/2018,24.52858,-81.48324,1.45,19.20239939,FLK,10
10/25/2018,24.56749,-81.30466,0.39,17.83079943,FLK,8
10/25/2018,25.4967,-80.104,0.176666667,17.67839943,FLK,0
10/25/2018,25.466925,-80.1101944,0.243333333,14.47799954,FLK,4
10/25/2018,25.4645658,-80.169893,0.443333333,3.962399873,FLK,5
10/25/2018,24.59374,-81.20877,0.683333333,19.35479939,FLK,12
10/26/2018,24.62293,-81.11282,0.27,12.4967996,FLK,3
10/26/2018,24.67428,-81.06032,0.323333333,6.705599786,FLK,14
10/29/2018,25.852599,-80.099801,0.23,9.296399703,SEFCRI,4
10/29/2018,26.70444,-80.02967,0.15,4.114799868,SEFCRI,0
10/29/2018,26.7579,-80.03529,0.336666667,2.895599907,SEFCRI,0
10/29/2018,26.58626,-80.02315,0.243333333,27.12719913,SEFCRI,2
10/29/2018,26.49137,-80.03738,0.576666667,21.48839932,SEFCRI,5
10/29/2018,26.52479,-80.03232,0.823333333,18.44039941,SEFCRI,5
10/29/2018,26.52624,-80.03143,0.23,17.83079943,SEFCRI,5
10/29/2018,26.52958,-80.02894,0.79,26.82239914,SEFCRI,6
10/30/2018,26.94493,-80.01036,0.243333333,23.16479926,SEFCRI,6
10/30/2018,26.93368,-80.01308,0.35,23.31719926,SEFCRI,5
10/30/2018,26.84385,-79.99744,0.176666667,31.24199901,SEFCRI,1
10/30/2018,26.82249,-80.01122,0.203333333,26.06039917,SEFCRI,1
10/30/2018,26.92659,-80.03072,0.15,24.07919923,SEFCRI,1
10/30/2018,26.93588,-80.01426,0.15,22.40279929,SEFCRI,3
10/30/2018,26.81686,-80.00383,0.323333333,26.66999915,SEFCRI,2
10/30/2018,25.87379,-80.100493,0.27,9.448799698,SEFCRI,6
10/30/2018,26.82563,-80.01651,0.163333333,25.60319918,SEFCRI,1
10/31/2018,26.72454,-80.01262,0.336666667,25.29839919,SEFCRI,3
10/31/2018,26.77813,-80.01407,0.176666667,22.55519928,SEFCRI,2
10/31/2018,26.7496,-80.01584,0.176666667,23.92679924,SEFCRI,3
10/31/2018,26.69196,-80.01848,0.43,16.15439948,SEFCRI,5
10/31/2018,26.68975,-80.01574,0.176666667,26.06039917,SEFCRI,4
10/31/2018,26.64289,-80.01884,0.983333333,23.92679924,SEFCRI,0
10/31/2018,26.72299,-80.01913,0.836666667,18.28799942,SEFCRI,6
10/31/2018,26.74408,-80.013,0.583333333,26.82239914,SEFCRI,5
11/1/2018,26.89381,-80.00212,1.3,25.29839919,SEFCRI,4
11/1/2018,26.85591,-80.00946,0.256666667,22.55519928,SEFCRI,2
11/1/2018,26.90501,-80.01283,0.283333333,24.38399922,SEFCRI,2
11/1/2018,26.9116,-80.00083,0.176666667,29.26079906,SEFCRI,1
11/1/2018,26.88547,-80.01877,0.19,24.23159923,SEFCRI,1
11/1/2018,26.90096,-80.01666,1.21,21.33599932,SEFCRI,2
11/1/2018,26.8398,-80.01633,0.603333333,24.07919923,SEFCRI,8
11/1/2018,26.83346,-80.01705,0.203333333,22.40279929,SEFCRI,2
11/5/2018,25.871592,-80.092463,0.703333333,18.44039941,SEFCRI,6
11/7/2018,24.83634,-80.63065,1.65,25.75559918,FLK,10
11/7/2018,25.876977,-80.092436,0.403333333,18.8975994,SEFCRI,5
11/8/2018,24.95012,-80.55208,0.15,3.352799893,FLK,3
11/8/2018,24.90323,-80.61779,0.776666667,3.505199888,FLK,6
11/8/2018,24.95724,-80.44915,0.803333333,20.26919936,FLK,12
11/8/2018,24.8972,-80.5379,1.483333333,19.50719938,FLK,12
11/8/2018,25.842734,-80.104184,0.23,6.400799795,SEFCRI,3
11/14/2018,25.23881,-80.23891,0.256666667,2.743199912,FLK,4
11/14/2018,25.24416,-80.19222,0.436666667,20.57399935,FLK,6
11/15/2018,25.809138,-80.08841,0.35,22.0979993,SEFCRI,3
11/20/2018,26.2636667,-80.0705,0.23,18.7451994,SEFCRI,7
11/20/2018,26.1650167,-80.0934667,0.39,5.181599834,SEFCRI,5
11/20/2018,26.2100667,-80.0788333,0.19,13.41119957,SEFCRI,4
11/20/2018,26.1725833,-80.0886667,0.716666667,5.029199839,SEFCRI,4
11/27/2018,25.66133,-80.10251,0.256666667,7.924799746,FLK,1
11/27/2018,25.72952,-80.10028,0.283333333,7.010399776,FLK,6
11/29/2018,26.00312,-80.08755,0.556666667,19.96439937,SEFCRI,7
11/30/2018,26.12655,-80.0805,0.23,18.59279941,SEFCRI,4
11/30/2018,26.1414333,-80.0773667,0.51,23.92679924,SEFCRI,7
12/5/2018,25.12604,-80.29301,0.763333333,10.97279965,FLK,9
12/5/2018,25.12357,-80.30173,0.216666667,5.63879982,FLK,7
