"","long","lat","rich"
"1",-72.509093683499,-52.4901918119666,58
"2",-70.9991472703212,-52.4901918119666,56
"3",-73.2640668900879,-51.1825398598014,55
"4",-71.7541204769101,-51.1825398598014,31
"5",-70.2441740637323,-51.1825398598014,24
"6",-74.0190400966768,-49.8748879076362,43
"7",-72.509093683499,-49.8748879076362,32
"8",-70.9991472703212,-49.8748879076362,22
"9",-69.4892008571434,-49.8748879076362,53
"10",-67.9792544439655,-49.8748879076362,48
"11",-73.2640668900879,-48.567235955471,51
"12",-71.7541204769101,-48.567235955471,26
"13",-70.2441740637323,-48.567235955471,23
"14",-68.7342276505545,-48.567235955471,21
"15",-67.2242812373766,-48.567235955471,52
"16",-74.0190400966768,-47.2595840033059,45
"17",-72.509093683499,-47.2595840033059,31
"18",-70.9991472703212,-47.2595840033059,27
"19",-69.4892008571434,-47.2595840033059,27
"20",-67.9792544439655,-47.2595840033059,57
"21",-66.4693080307877,-47.2595840033059,54
"22",-74.7740133032657,-45.9519320511407,44
"23",-73.2640668900879,-45.9519320511407,46
"24",-71.7541204769101,-45.9519320511407,36
"25",-70.2441740637323,-45.9519320511407,31
"26",-68.7342276505545,-45.9519320511407,26
"27",-72.509093683499,-44.6442800989755,53
"28",-70.9991472703212,-44.6442800989755,33
"29",-69.4892008571434,-44.6442800989755,27
"30",-67.9792544439655,-44.6442800989755,24
"31",-66.4693080307877,-44.6442800989755,57
"32",-71.7541204769101,-43.3366281468103,39
"33",-70.2441740637323,-43.3366281468103,33
"34",-68.7342276505545,-43.3366281468103,32
"35",-67.2242812373766,-43.3366281468103,28
"36",-65.7143348241988,-43.3366281468103,61
"37",-70.9991472703212,-42.0289761946451,40
"38",-69.4892008571434,-42.0289761946451,35
"39",-67.9792544439655,-42.0289761946451,37
"40",-66.4693080307877,-42.0289761946451,34
"41",-73.2640668900879,-40.7213242424799,57
"42",-71.7541204769101,-40.7213242424799,49
"43",-70.2441740637323,-40.7213242424799,43
"44",-68.7342276505545,-40.7213242424799,36
"45",-67.2242812373766,-40.7213242424799,37
"46",-65.7143348241988,-40.7213242424799,72
"47",-64.204388411021,-40.7213242424799,66
"48",-62.6944419978432,-40.7213242424799,63
"49",-72.509093683499,-39.4136722903147,36
"50",-70.9991472703212,-39.4136722903147,44
"51",-69.4892008571434,-39.4136722903147,35
"52",-67.9792544439655,-39.4136722903147,38
"53",-66.4693080307877,-39.4136722903147,36
"54",-64.9593616176099,-39.4136722903147,33
"55",-63.4494152044321,-39.4136722903147,35
"56",-73.2640668900879,-38.1060203381495,58
"57",-71.7541204769101,-38.1060203381495,40
"58",-70.2441740637323,-38.1060203381495,40
"59",-68.7342276505545,-38.1060203381495,35
"60",-67.2242812373766,-38.1060203381495,34
"61",-65.7143348241988,-38.1060203381495,42
"62",-64.204388411021,-38.1060203381495,45
"63",-62.6944419978432,-38.1060203381495,45
"64",-61.1844955846653,-38.1060203381495,39
"65",-59.6745491714875,-38.1060203381495,27
"66",-58.1646027583097,-38.1060203381495,29
"67",-72.509093683499,-36.7983683859843,58
"68",-70.9991472703212,-36.7983683859843,41
"69",-69.4892008571434,-36.7983683859843,35
"70",-67.9792544439655,-36.7983683859843,34
"71",-66.4693080307877,-36.7983683859843,37
"72",-64.9593616176099,-36.7983683859843,45
"73",-63.4494152044321,-36.7983683859843,44
"74",-61.9394687912542,-36.7983683859843,32
"75",-60.4295223780764,-36.7983683859843,29
"76",-58.9195759648986,-36.7983683859843,27
"77",-57.4096295517208,-36.7983683859843,70
"78",-71.7541204769101,-35.4907164338192,33
"79",-70.2441740637323,-35.4907164338192,40
"80",-68.7342276505545,-35.4907164338192,36
"81",-67.2242812373766,-35.4907164338192,37
"82",-65.7143348241988,-35.4907164338192,41
"83",-64.204388411021,-35.4907164338192,44
"84",-62.6944419978432,-35.4907164338192,38
"85",-61.1844955846653,-35.4907164338192,35
"86",-59.6745491714875,-35.4907164338192,31
"87",-58.1646027583097,-35.4907164338192,35
"88",-70.9991472703212,-34.183064481654,38
"89",-69.4892008571434,-34.183064481654,40
"90",-67.9792544439655,-34.183064481654,36
"91",-66.4693080307877,-34.183064481654,40
"92",-64.9593616176099,-34.183064481654,46
"93",-63.4494152044321,-34.183064481654,44
"94",-61.9394687912542,-34.183064481654,35
"95",-60.4295223780764,-34.183064481654,41
"96",-58.9195759648986,-34.183064481654,93
"97",-57.4096295517208,-34.183064481654,84
"98",-55.899683138543,-34.183064481654,45
"99",-54.3897367253651,-34.183064481654,50
"100",-70.2441740637323,-32.8754125294888,37
"101",-68.7342276505545,-32.8754125294888,39
"102",-67.2242812373766,-32.8754125294888,40
"103",-65.7143348241988,-32.8754125294888,45
"104",-64.204388411021,-32.8754125294888,48
"105",-62.6944419978432,-32.8754125294888,45
"106",-61.1844955846653,-32.8754125294888,45
"107",-59.6745491714875,-32.8754125294888,50
"108",-56.6546563451319,-32.8754125294888,47
"109",-55.144709931954,-32.8754125294888,49
"110",-53.6347635187762,-32.8754125294888,101
"111",-70.9991472703212,-31.5677605773236,33
"112",-69.4892008571434,-31.5677605773236,26
"113",-67.9792544439655,-31.5677605773236,45
"114",-66.4693080307877,-31.5677605773236,49
"115",-64.9593616176099,-31.5677605773236,56
"116",-63.4494152044321,-31.5677605773236,50
"117",-61.9394687912542,-31.5677605773236,52
"118",-60.4295223780764,-31.5677605773236,52
"119",-58.9195759648986,-31.5677605773236,59
"120",-57.4096295517208,-31.5677605773236,61
"121",-55.899683138543,-31.5677605773236,57
"122",-54.3897367253651,-31.5677605773236,60
"123",-52.8797903121873,-31.5677605773236,103
"124",-51.3698438990095,-31.5677605773236,110
"125",-70.2441740637323,-30.2601086251584,30
"126",-68.7342276505545,-30.2601086251584,36
"127",-67.2242812373766,-30.2601086251584,42
"128",-65.7143348241988,-30.2601086251584,58
"129",-64.204388411021,-30.2601086251584,55
"130",-62.6944419978432,-30.2601086251584,49
"131",-61.1844955846653,-30.2601086251584,50
"132",-59.6745491714875,-30.2601086251584,60
"133",-58.1646027583097,-30.2601086251584,59
"134",-56.6546563451319,-30.2601086251584,63
"135",-55.144709931954,-30.2601086251584,62
"136",-53.6347635187762,-30.2601086251584,70
"137",-52.1248171055984,-30.2601086251584,76
"138",-70.9991472703212,-28.9524566729932,28
"139",-69.4892008571434,-28.9524566729932,23
"140",-67.9792544439655,-28.9524566729932,41
"141",-66.4693080307877,-28.9524566729932,64
"142",-64.9593616176099,-28.9524566729932,50
"143",-63.4494152044321,-28.9524566729932,53
"144",-61.9394687912542,-28.9524566729932,54
"145",-60.4295223780764,-28.9524566729932,55
"146",-58.9195759648986,-28.9524566729932,65
"147",-57.4096295517208,-28.9524566729932,68
"148",-55.899683138543,-28.9524566729932,93
"149",-54.3897367253651,-28.9524566729932,88
"150",-52.8797903121873,-28.9524566729932,94
"151",-51.3698438990095,-28.9524566729932,102
"152",-49.8598974858317,-28.9524566729932,147
"153",-70.2441740637323,-27.644804720828,47
"154",-68.7342276505545,-27.644804720828,27
"155",-67.2242812373766,-27.644804720828,37
"156",-65.7143348241988,-27.644804720828,83
"157",-64.204388411021,-27.644804720828,60
"158",-62.6944419978432,-27.644804720828,55
"159",-61.1844955846653,-27.644804720828,54
"160",-59.6745491714875,-27.644804720828,74
"161",-58.1646027583097,-27.644804720828,80
"162",-56.6546563451319,-27.644804720828,99
"163",-55.144709931954,-27.644804720828,110
"164",-53.6347635187762,-27.644804720828,99
"165",-52.1248171055984,-27.644804720828,102
"166",-50.6148706924206,-27.644804720828,114
"167",-49.1049242792428,-27.644804720828,115
"168",-69.4892008571434,-26.3371527686628,16
"169",-67.9792544439655,-26.3371527686628,27
"170",-66.4693080307877,-26.3371527686628,65
"171",-64.9593616176099,-26.3371527686628,80
"172",-63.4494152044321,-26.3371527686628,64
"173",-61.9394687912542,-26.3371527686628,63
"174",-60.4295223780764,-26.3371527686628,68
"175",-58.9195759648986,-26.3371527686628,99
"176",-57.4096295517208,-26.3371527686628,108
"177",-55.899683138543,-26.3371527686628,106
"178",-54.3897367253651,-26.3371527686628,119
"179",-52.8797903121873,-26.3371527686628,116
"180",-51.3698438990095,-26.3371527686628,118
"181",-49.8598974858317,-26.3371527686628,132
"182",-70.2441740637323,-25.0295008164976,41
"183",-68.7342276505545,-25.0295008164976,19
"184",-67.2242812373766,-25.0295008164976,28
"185",-65.7143348241988,-25.0295008164976,96
"186",-64.204388411021,-25.0295008164976,91
"187",-62.6944419978432,-25.0295008164976,68
"188",-61.1844955846653,-25.0295008164976,68
"189",-59.6745491714875,-25.0295008164976,83
"190",-58.1646027583097,-25.0295008164976,98
"191",-56.6546563451319,-25.0295008164976,111
"192",-55.144709931954,-25.0295008164976,107
"193",-53.6347635187762,-25.0295008164976,121
"194",-52.1248171055984,-25.0295008164976,120
"195",-50.6148706924206,-25.0295008164976,126
"196",-49.1049242792428,-25.0295008164976,141
"197",-69.4892008571434,-23.7218488643325,12
"198",-67.9792544439655,-23.7218488643325,27
"199",-66.4693080307877,-23.7218488643325,41
"200",-64.9593616176099,-23.7218488643325,114
"201",-63.4494152044321,-23.7218488643325,96
"202",-61.9394687912542,-23.7218488643325,77
"203",-60.4295223780764,-23.7218488643325,82
"204",-58.9195759648986,-23.7218488643325,96
"205",-57.4096295517208,-23.7218488643325,115
"206",-55.899683138543,-23.7218488643325,118
"207",-54.3897367253651,-23.7218488643325,129
"208",-52.8797903121873,-23.7218488643325,122
"209",-51.3698438990095,-23.7218488643325,127
"210",-49.8598974858317,-23.7218488643325,147
"211",-48.3499510726538,-23.7218488643325,154
"212",-46.840004659476,-23.7218488643325,189
"213",-70.2441740637323,-22.4141969121673,40
"214",-68.7342276505545,-22.4141969121673,27
"215",-67.2242812373766,-22.4141969121673,32
"216",-65.7143348241988,-22.4141969121673,89
"217",-64.204388411021,-22.4141969121673,115
"218",-62.6944419978432,-22.4141969121673,91
"219",-61.1844955846653,-22.4141969121673,83
"220",-59.6745491714875,-22.4141969121673,94
"221",-58.1646027583097,-22.4141969121673,96
"222",-56.6546563451319,-22.4141969121673,115
"223",-55.144709931954,-22.4141969121673,123
"224",-53.6347635187762,-22.4141969121673,130
"225",-52.1248171055984,-22.4141969121673,132
"226",-50.6148706924206,-22.4141969121673,138
"227",-49.1049242792428,-22.4141969121673,146
"228",-47.5949778660649,-22.4141969121673,161
"229",-46.0850314528871,-22.4141969121673,169
"230",-44.5750850397093,-22.4141969121673,202
"231",-43.0651386265315,-22.4141969121673,196
"232",-69.4892008571434,-21.1065449600021,19
"233",-67.9792544439655,-21.1065449600021,27
"234",-66.4693080307877,-21.1065449600021,37
"235",-64.9593616176099,-21.1065449600021,111
"236",-63.4494152044321,-21.1065449600021,117
"237",-61.9394687912542,-21.1065449600021,91
"238",-60.4295223780764,-21.1065449600021,91
"239",-58.9195759648986,-21.1065449600021,105
"240",-57.4096295517208,-21.1065449600021,118
"241",-55.899683138543,-21.1065449600021,125
"242",-54.3897367253651,-21.1065449600021,122
"243",-52.8797903121873,-21.1065449600021,129
"244",-51.3698438990095,-21.1065449600021,134
"245",-49.8598974858317,-21.1065449600021,131
"246",-48.3499510726538,-21.1065449600021,141
"247",-46.840004659476,-21.1065449600021,159
"248",-45.3300582462982,-21.1065449600021,159
"249",-43.8201118331204,-21.1065449600021,166
"250",-42.3101654199426,-21.1065449600021,164
"251",-68.7342276505545,-19.7988930078369,33
"252",-67.2242812373766,-19.7988930078369,31
"253",-65.7143348241988,-19.7988930078369,77
"254",-64.204388411021,-19.7988930078369,111
"255",-62.6944419978432,-19.7988930078369,113
"256",-61.1844955846653,-19.7988930078369,105
"257",-59.6745491714875,-19.7988930078369,111
"258",-58.1646027583097,-19.7988930078369,131
"259",-56.6546563451319,-19.7988930078369,133
"260",-55.144709931954,-19.7988930078369,133
"261",-53.6347635187762,-19.7988930078369,122
"262",-52.1248171055984,-19.7988930078369,122
"263",-50.6148706924206,-19.7988930078369,134
"264",-49.1049242792428,-19.7988930078369,134
"265",-47.5949778660649,-19.7988930078369,143
"266",-46.0850314528871,-19.7988930078369,150
"267",-44.5750850397093,-19.7988930078369,163
"268",-43.0651386265315,-19.7988930078369,169
"269",-41.5551922133536,-19.7988930078369,162
"270",-40.0452458001758,-19.7988930078369,193
"271",-69.4892008571434,-18.4912410556717,43
"272",-67.9792544439655,-18.4912410556717,42
"273",-66.4693080307877,-18.4912410556717,66
"274",-64.9593616176099,-18.4912410556717,133
"275",-63.4494152044321,-18.4912410556717,138
"276",-61.9394687912542,-18.4912410556717,123
"277",-60.4295223780764,-18.4912410556717,116
"278",-58.9195759648986,-18.4912410556717,126
"279",-57.4096295517208,-18.4912410556717,135
"280",-55.899683138543,-18.4912410556717,133
"281",-54.3897367253651,-18.4912410556717,129
"282",-52.8797903121873,-18.4912410556717,128
"283",-51.3698438990095,-18.4912410556717,128
"284",-49.8598974858317,-18.4912410556717,131
"285",-48.3499510726538,-18.4912410556717,135
"286",-46.840004659476,-18.4912410556717,143
"287",-45.3300582462982,-18.4912410556717,152
"288",-43.8201118331204,-18.4912410556717,165
"289",-42.3101654199426,-18.4912410556717,160
"290",-40.8002190067647,-18.4912410556717,155
"291",-71.7541204769101,-17.1835891035065,59
"292",-70.2441740637323,-17.1835891035065,45
"293",-68.7342276505545,-17.1835891035065,72
"294",-67.2242812373766,-17.1835891035065,122
"295",-65.7143348241988,-17.1835891035065,194
"296",-64.204388411021,-17.1835891035065,187
"297",-62.6944419978432,-17.1835891035065,150
"298",-61.1844955846653,-17.1835891035065,139
"299",-59.6745491714875,-17.1835891035065,139
"300",-58.1646027583097,-17.1835891035065,137
"301",-56.6546563451319,-17.1835891035065,132
"302",-55.144709931954,-17.1835891035065,129
"303",-53.6347635187762,-17.1835891035065,134
"304",-52.1248171055984,-17.1835891035065,138
"305",-50.6148706924206,-17.1835891035065,133
"306",-49.1049242792428,-17.1835891035065,130
"307",-47.5949778660649,-17.1835891035065,138
"308",-46.0850314528871,-17.1835891035065,136
"309",-44.5750850397093,-17.1835891035065,147
"310",-43.0651386265315,-17.1835891035065,156
"311",-41.5551922133536,-17.1835891035065,152
"312",-40.0452458001758,-17.1835891035065,148
"313",-74.0190400966768,-15.8759371513413,64
"314",-72.509093683499,-15.8759371513413,50
"315",-70.9991472703212,-15.8759371513413,73
"316",-69.4892008571434,-15.8759371513413,110
"317",-67.9792544439655,-15.8759371513413,183
"318",-66.4693080307877,-15.8759371513413,179
"319",-64.9593616176099,-15.8759371513413,167
"320",-63.4494152044321,-15.8759371513413,164
"321",-61.9394687912542,-15.8759371513413,156
"322",-60.4295223780764,-15.8759371513413,162
"323",-58.9195759648986,-15.8759371513413,141
"324",-57.4096295517208,-15.8759371513413,141
"325",-55.899683138543,-15.8759371513413,134
"326",-54.3897367253651,-15.8759371513413,132
"327",-52.8797903121873,-15.8759371513413,138
"328",-51.3698438990095,-15.8759371513413,139
"329",-49.8598974858317,-15.8759371513413,135
"330",-48.3499510726538,-15.8759371513413,143
"331",-46.840004659476,-15.8759371513413,139
"332",-45.3300582462982,-15.8759371513413,138
"333",-43.8201118331204,-15.8759371513413,136
"334",-42.3101654199426,-15.8759371513413,142
"335",-40.8002190067647,-15.8759371513413,149
"336",-39.2902725935869,-15.8759371513413,175
"337",-74.7740133032657,-14.5682851991761,40
"338",-73.2640668900879,-14.5682851991761,47
"339",-71.7541204769101,-14.5682851991761,83
"340",-70.2441740637323,-14.5682851991761,111
"341",-68.7342276505545,-14.5682851991761,201
"342",-67.2242812373766,-14.5682851991761,189
"343",-65.7143348241988,-14.5682851991761,172
"344",-64.204388411021,-14.5682851991761,172
"345",-62.6944419978432,-14.5682851991761,163
"346",-61.1844955846653,-14.5682851991761,160
"347",-59.6745491714875,-14.5682851991761,151
"348",-58.1646027583097,-14.5682851991761,146
"349",-56.6546563451319,-14.5682851991761,142
"350",-55.144709931954,-14.5682851991761,136
"351",-53.6347635187762,-14.5682851991761,130
"352",-52.1248171055984,-14.5682851991761,130
"353",-50.6148706924206,-14.5682851991761,136
"354",-49.1049242792428,-14.5682851991761,136
"355",-47.5949778660649,-14.5682851991761,142
"356",-46.0850314528871,-14.5682851991761,144
"357",-44.5750850397093,-14.5682851991761,142
"358",-43.0651386265315,-14.5682851991761,135
"359",-41.5551922133536,-14.5682851991761,147
"360",-40.0452458001758,-14.5682851991761,147
"361",-75.5289865098547,-13.2606332470109,62
"362",-74.0190400966768,-13.2606332470109,81
"363",-72.509093683499,-13.2606332470109,162
"364",-70.9991472703212,-13.2606332470109,239
"365",-69.4892008571434,-13.2606332470109,221
"366",-67.9792544439655,-13.2606332470109,182
"367",-66.4693080307877,-13.2606332470109,173
"368",-64.9593616176099,-13.2606332470109,174
"369",-63.4494152044321,-13.2606332470109,169
"370",-61.9394687912542,-13.2606332470109,167
"371",-60.4295223780764,-13.2606332470109,160
"372",-58.9195759648986,-13.2606332470109,145
"373",-57.4096295517208,-13.2606332470109,134
"374",-55.899683138543,-13.2606332470109,131
"375",-54.3897367253651,-13.2606332470109,130
"376",-52.8797903121873,-13.2606332470109,130
"377",-51.3698438990095,-13.2606332470109,133
"378",-49.8598974858317,-13.2606332470109,135
"379",-48.3499510726538,-13.2606332470109,135
"380",-46.840004659476,-13.2606332470109,138
"381",-45.3300582462982,-13.2606332470109,130
"382",-43.8201118331204,-13.2606332470109,131
"383",-42.3101654199426,-13.2606332470109,128
"384",-40.8002190067647,-13.2606332470109,142
"385",-39.2902725935869,-13.2606332470109,146
"386",-76.2839597164436,-11.9529812948458,74
"387",-74.7740133032657,-11.9529812948458,183
"388",-73.2640668900879,-11.9529812948458,211
"389",-71.7541204769101,-11.9529812948458,226
"390",-70.2441740637323,-11.9529812948458,207
"391",-68.7342276505545,-11.9529812948458,203
"392",-67.2242812373766,-11.9529812948458,180
"393",-65.7143348241988,-11.9529812948458,180
"394",-64.204388411021,-11.9529812948458,169
"395",-62.6944419978432,-11.9529812948458,146
"396",-61.1844955846653,-11.9529812948458,145
"397",-59.6745491714875,-11.9529812948458,144
"398",-58.1646027583097,-11.9529812948458,144
"399",-56.6546563451319,-11.9529812948458,127
"400",-55.144709931954,-11.9529812948458,131
"401",-53.6347635187762,-11.9529812948458,129
"402",-52.1248171055984,-11.9529812948458,126
"403",-50.6148706924206,-11.9529812948458,130
"404",-49.1049242792428,-11.9529812948458,127
"405",-47.5949778660649,-11.9529812948458,120
"406",-46.0850314528871,-11.9529812948458,128
"407",-44.5750850397093,-11.9529812948458,129
"408",-43.0651386265315,-11.9529812948458,131
"409",-41.5551922133536,-11.9529812948458,128
"410",-40.0452458001758,-11.9529812948458,131
"411",-38.535299386998,-11.9529812948458,142
"412",-77.0389329230325,-10.6453293426806,86
"413",-75.5289865098547,-10.6453293426806,182
"414",-74.0190400966768,-10.6453293426806,207
"415",-72.509093683499,-10.6453293426806,213
"416",-70.9991472703212,-10.6453293426806,206
"417",-69.4892008571434,-10.6453293426806,199
"418",-67.9792544439655,-10.6453293426806,189
"419",-66.4693080307877,-10.6453293426806,179
"420",-64.9593616176099,-10.6453293426806,164
"421",-63.4494152044321,-10.6453293426806,152
"422",-61.9394687912542,-10.6453293426806,141
"423",-60.4295223780764,-10.6453293426806,141
"424",-58.9195759648986,-10.6453293426806,142
"425",-57.4096295517208,-10.6453293426806,133
"426",-55.899683138543,-10.6453293426806,130
"427",-54.3897367253651,-10.6453293426806,127
"428",-52.8797903121873,-10.6453293426806,127
"429",-51.3698438990095,-10.6453293426806,127
"430",-49.8598974858317,-10.6453293426806,125
"431",-48.3499510726538,-10.6453293426806,120
"432",-46.840004659476,-10.6453293426806,121
"433",-45.3300582462982,-10.6453293426806,121
"434",-43.8201118331204,-10.6453293426806,128
"435",-42.3101654199426,-10.6453293426806,130
"436",-40.8002190067647,-10.6453293426806,128
"437",-39.2902725935869,-10.6453293426806,135
"438",-37.7803261804091,-10.6453293426806,168
"439",-77.7939061296214,-9.33767739051538,96
"440",-76.2839597164436,-9.33767739051538,175
"441",-74.7740133032657,-9.33767739051538,215
"442",-73.2640668900879,-9.33767739051538,209
"443",-71.7541204769101,-9.33767739051538,196
"444",-70.2441740637323,-9.33767739051538,196
"445",-68.7342276505545,-9.33767739051538,184
"446",-67.2242812373766,-9.33767739051538,184
"447",-65.7143348241988,-9.33767739051538,176
"448",-64.204388411021,-9.33767739051538,174
"449",-62.6944419978432,-9.33767739051538,151
"450",-61.1844955846653,-9.33767739051538,150
"451",-59.6745491714875,-9.33767739051538,149
"452",-58.1646027583097,-9.33767739051538,151
"453",-56.6546563451319,-9.33767739051538,139
"454",-55.144709931954,-9.33767739051538,134
"455",-53.6347635187762,-9.33767739051538,131
"456",-52.1248171055984,-9.33767739051538,127
"457",-50.6148706924206,-9.33767739051538,137
"458",-49.1049242792428,-9.33767739051538,134
"459",-47.5949778660649,-9.33767739051538,124
"460",-46.0850314528871,-9.33767739051538,121
"461",-44.5750850397093,-9.33767739051538,119
"462",-43.0651386265315,-9.33767739051538,122
"463",-41.5551922133536,-9.33767739051538,127
"464",-40.0452458001758,-9.33767739051538,127
"465",-38.535299386998,-9.33767739051538,134
"466",-37.0253529738202,-9.33767739051538,138
"467",-35.5154065606423,-9.33767739051538,159
"468",-78.5488793362103,-8.0300254383502,123
"469",-77.0389329230325,-8.0300254383502,167
"470",-75.5289865098547,-8.0300254383502,211
"471",-74.0190400966768,-8.0300254383502,211
"472",-72.509093683499,-8.0300254383502,203
"473",-70.9991472703212,-8.0300254383502,190
"474",-69.4892008571434,-8.0300254383502,185
"475",-67.9792544439655,-8.0300254383502,180
"476",-66.4693080307877,-8.0300254383502,178
"477",-64.9593616176099,-8.0300254383502,173
"478",-63.4494152044321,-8.0300254383502,176
"479",-61.9394687912542,-8.0300254383502,161
"480",-60.4295223780764,-8.0300254383502,157
"481",-58.9195759648986,-8.0300254383502,156
"482",-57.4096295517208,-8.0300254383502,144
"483",-55.899683138543,-8.0300254383502,139
"484",-54.3897367253651,-8.0300254383502,134
"485",-52.8797903121873,-8.0300254383502,135
"486",-51.3698438990095,-8.0300254383502,133
"487",-49.8598974858317,-8.0300254383502,133
"488",-48.3499510726538,-8.0300254383502,131
"489",-46.840004659476,-8.0300254383502,123
"490",-45.3300582462982,-8.0300254383502,116
"491",-43.8201118331204,-8.0300254383502,113
"492",-42.3101654199426,-8.0300254383502,118
"493",-40.8002190067647,-8.0300254383502,126
"494",-39.2902725935869,-8.0300254383502,131
"495",-37.7803261804091,-8.0300254383502,127
"496",-36.2703797672313,-8.0300254383502,131
"497",-79.3038525427992,-6.72237348618501,100
"498",-77.7939061296214,-6.72237348618501,199
"499",-76.2839597164436,-6.72237348618501,199
"500",-74.7740133032657,-6.72237348618501,209
"501",-73.2640668900879,-6.72237348618501,208
"502",-71.7541204769101,-6.72237348618501,197
"503",-70.2441740637323,-6.72237348618501,195
"504",-68.7342276505545,-6.72237348618501,181
"505",-67.2242812373766,-6.72237348618501,179
"506",-65.7143348241988,-6.72237348618501,177
"507",-64.204388411021,-6.72237348618501,180
"508",-62.6944419978432,-6.72237348618501,173
"509",-61.1844955846653,-6.72237348618501,162
"510",-59.6745491714875,-6.72237348618501,159
"511",-58.1646027583097,-6.72237348618501,159
"512",-56.6546563451319,-6.72237348618501,142
"513",-55.144709931954,-6.72237348618501,141
"514",-53.6347635187762,-6.72237348618501,139
"515",-52.1248171055984,-6.72237348618501,137
"516",-50.6148706924206,-6.72237348618501,133
"517",-49.1049242792428,-6.72237348618501,133
"518",-47.5949778660649,-6.72237348618501,128
"519",-46.0850314528871,-6.72237348618501,123
"520",-44.5750850397093,-6.72237348618501,111
"521",-43.0651386265315,-6.72237348618501,110
"522",-41.5551922133536,-6.72237348618501,118
"523",-40.0452458001758,-6.72237348618501,122
"524",-38.535299386998,-6.72237348618501,125
"525",-37.0253529738202,-6.72237348618501,120
"526",-35.5154065606423,-6.72237348618501,131
"527",-80.0588257493881,-5.41472153401982,91
"528",-78.5488793362103,-5.41472153401982,175
"529",-77.0389329230325,-5.41472153401982,206
"530",-75.5289865098547,-5.41472153401982,202
"531",-74.0190400966768,-5.41472153401982,208
"532",-72.509093683499,-5.41472153401982,202
"533",-70.9991472703212,-5.41472153401982,188
"534",-69.4892008571434,-5.41472153401982,187
"535",-67.9792544439655,-5.41472153401982,188
"536",-66.4693080307877,-5.41472153401982,178
"537",-64.9593616176099,-5.41472153401982,179
"538",-63.4494152044321,-5.41472153401982,178
"539",-61.9394687912542,-5.41472153401982,174
"540",-60.4295223780764,-5.41472153401982,174
"541",-58.9195759648986,-5.41472153401982,167
"542",-57.4096295517208,-5.41472153401982,167
"543",-55.899683138543,-5.41472153401982,151
"544",-54.3897367253651,-5.41472153401982,148
"545",-52.8797903121873,-5.41472153401982,149
"546",-51.3698438990095,-5.41472153401982,145
"547",-49.8598974858317,-5.41472153401982,151
"548",-48.3499510726538,-5.41472153401982,148
"549",-46.840004659476,-5.41472153401982,132
"550",-45.3300582462982,-5.41472153401982,128
"551",-43.8201118331204,-5.41472153401982,116
"552",-42.3101654199426,-5.41472153401982,117
"553",-40.8002190067647,-5.41472153401982,117
"554",-39.2902725935869,-5.41472153401982,115
"555",-37.7803261804091,-5.41472153401982,111
"556",-36.2703797672313,-5.41472153401982,112
"557",-80.813798955977,-4.10706958185463,125
"558",-79.3038525427992,-4.10706958185463,142
"559",-77.7939061296214,-4.10706958185463,192
"560",-76.2839597164436,-4.10706958185463,194
"561",-74.7740133032657,-4.10706958185463,203
"562",-73.2640668900879,-4.10706958185463,210
"563",-71.7541204769101,-4.10706958185463,202
"564",-70.2441740637323,-4.10706958185463,200
"565",-68.7342276505545,-4.10706958185463,177
"566",-67.2242812373766,-4.10706958185463,179
"567",-65.7143348241988,-4.10706958185463,181
"568",-64.204388411021,-4.10706958185463,182
"569",-62.6944419978432,-4.10706958185463,183
"570",-61.1844955846653,-4.10706958185463,184
"571",-59.6745491714875,-4.10706958185463,182
"572",-58.1646027583097,-4.10706958185463,181
"573",-56.6546563451319,-4.10706958185463,185
"574",-55.144709931954,-4.10706958185463,185
"575",-53.6347635187762,-4.10706958185463,163
"576",-52.1248171055984,-4.10706958185463,166
"577",-50.6148706924206,-4.10706958185463,162
"578",-49.1049242792428,-4.10706958185463,166
"579",-47.5949778660649,-4.10706958185463,149
"580",-46.0850314528871,-4.10706958185463,137
"581",-44.5750850397093,-4.10706958185463,126
"582",-43.0651386265315,-4.10706958185463,116
"583",-41.5551922133536,-4.10706958185463,115
"584",-40.0452458001758,-4.10706958185463,118
"585",-38.535299386998,-4.10706958185463,143
"586",-78.5488793362103,-2.79941762968944,210
"587",-77.0389329230325,-2.79941762968944,209
"588",-75.5289865098547,-2.79941762968944,193
"589",-74.0190400966768,-2.79941762968944,200
"590",-72.509093683499,-2.79941762968944,192
"591",-70.9991472703212,-2.79941762968944,184
"592",-69.4892008571434,-2.79941762968944,181
"593",-67.9792544439655,-2.79941762968944,181
"594",-66.4693080307877,-2.79941762968944,186
"595",-64.9593616176099,-2.79941762968944,174
"596",-63.4494152044321,-2.79941762968944,169
"597",-61.9394687912542,-2.79941762968944,187
"598",-60.4295223780764,-2.79941762968944,195
"599",-58.9195759648986,-2.79941762968944,198
"600",-57.4096295517208,-2.79941762968944,198
"601",-55.899683138543,-2.79941762968944,194
"602",-54.3897367253651,-2.79941762968944,191
"603",-52.8797903121873,-2.79941762968944,176
"604",-51.3698438990095,-2.79941762968944,175
"605",-49.8598974858317,-2.79941762968944,180
"606",-48.3499510726538,-2.79941762968944,169
"607",-46.840004659476,-2.79941762968944,148
"608",-45.3300582462982,-2.79941762968944,130
"609",-43.8201118331204,-2.79941762968944,143
"610",-42.3101654199426,-2.79941762968944,140
"611",-80.813798955977,-1.49176567752425,133
"612",-79.3038525427992,-1.49176567752425,148
"613",-77.7939061296214,-1.49176567752425,215
"614",-76.2839597164436,-1.49176567752425,198
"615",-74.7740133032657,-1.49176567752425,200
"616",-73.2640668900879,-1.49176567752425,190
"617",-71.7541204769101,-1.49176567752425,178
"618",-70.2441740637323,-1.49176567752425,174
"619",-68.7342276505545,-1.49176567752425,178
"620",-67.2242812373766,-1.49176567752425,178
"621",-65.7143348241988,-1.49176567752425,178
"622",-64.204388411021,-1.49176567752425,170
"623",-62.6944419978432,-1.49176567752425,171
"624",-61.1844955846653,-1.49176567752425,187
"625",-59.6745491714875,-1.49176567752425,174
"626",-58.1646027583097,-1.49176567752425,179
"627",-56.6546563451319,-1.49176567752425,192
"628",-55.144709931954,-1.49176567752425,198
"629",-53.6347635187762,-1.49176567752425,189
"630",-47.5949778660649,-1.49176567752425,162
"631",-46.0850314528871,-1.49176567752425,152
"632",-80.0588257493881,-0.184113725359065,133
"633",-78.5488793362103,-0.184113725359065,194
"634",-77.0389329230325,-0.184113725359065,238
"635",-75.5289865098547,-0.184113725359065,207
"636",-74.0190400966768,-0.184113725359065,198
"637",-72.509093683499,-0.184113725359065,188
"638",-70.9991472703212,-0.184113725359065,176
"639",-69.4892008571434,-0.184113725359065,173
"640",-67.9792544439655,-0.184113725359065,179
"641",-66.4693080307877,-0.184113725359065,181
"642",-64.9593616176099,-0.184113725359065,178
"643",-63.4494152044321,-0.184113725359065,177
"644",-61.9394687912542,-0.184113725359065,181
"645",-60.4295223780764,-0.184113725359065,176
"646",-58.9195759648986,-0.184113725359065,175
"647",-57.4096295517208,-0.184113725359065,173
"648",-55.899683138543,-0.184113725359065,165
"649",-54.3897367253651,-0.184113725359065,166
"650",-52.8797903121873,-0.184113725359065,180
"651",-51.3698438990095,-0.184113725359065,205
"652",-77.7939061296214,1.12353822680612,218
"653",-76.2839597164436,1.12353822680612,234
"654",-74.7740133032657,1.12353822680612,186
"655",-73.2640668900879,1.12353822680612,179
"656",-71.7541204769101,1.12353822680612,169
"657",-70.2441740637323,1.12353822680612,168
"658",-68.7342276505545,1.12353822680612,169
"659",-67.2242812373766,1.12353822680612,183
"660",-65.7143348241988,1.12353822680612,191
"661",-64.204388411021,1.12353822680612,195
"662",-62.6944419978432,1.12353822680612,175
"663",-61.1844955846653,1.12353822680612,181
"664",-59.6745491714875,1.12353822680612,182
"665",-58.1646027583097,1.12353822680612,187
"666",-56.6546563451319,1.12353822680612,178
"667",-55.144709931954,1.12353822680612,176
"668",-53.6347635187762,1.12353822680612,178
"669",-52.1248171055984,1.12353822680612,177
"670",-50.6148706924206,1.12353822680612,198
"671",-77.0389329230325,2.43119017897132,205
"672",-75.5289865098547,2.43119017897132,225
"673",-74.0190400966768,2.43119017897132,230
"674",-72.509093683499,2.43119017897132,179
"675",-70.9991472703212,2.43119017897132,170
"676",-69.4892008571434,2.43119017897132,166
"677",-67.9792544439655,2.43119017897132,184
"678",-66.4693080307877,2.43119017897132,191
"679",-64.9593616176099,2.43119017897132,199
"680",-63.4494152044321,2.43119017897132,195
"681",-61.9394687912542,2.43119017897132,191
"682",-60.4295223780764,2.43119017897132,199
"683",-58.9195759648986,2.43119017897132,188
"684",-57.4096295517208,2.43119017897132,185
"685",-55.899683138543,2.43119017897132,187
"686",-54.3897367253651,2.43119017897132,185
"687",-52.8797903121873,2.43119017897132,185
"688",-51.3698438990095,2.43119017897132,208
"689",-76.2839597164436,3.7388421311365,205
"690",-74.7740133032657,3.7388421311365,226
"691",-73.2640668900879,3.7388421311365,213
"692",-71.7541204769101,3.7388421311365,171
"693",-70.2441740637323,3.7388421311365,165
"694",-68.7342276505545,3.7388421311365,173
"695",-67.2242812373766,3.7388421311365,194
"696",-65.7143348241988,3.7388421311365,200
"697",-64.204388411021,3.7388421311365,190
"698",-62.6944419978432,3.7388421311365,196
"699",-61.1844955846653,3.7388421311365,195
"700",-59.6745491714875,3.7388421311365,202
"701",-58.1646027583097,3.7388421311365,193
"702",-56.6546563451319,3.7388421311365,190
"703",-55.144709931954,3.7388421311365,188
"704",-53.6347635187762,3.7388421311365,178
"705",-52.1248171055984,3.7388421311365,185
"706",-77.0389329230325,5.04649408330169,167
"707",-75.5289865098547,5.04649408330169,198
"708",-74.0190400966768,5.04649408330169,204
"709",-72.509093683499,5.04649408330169,205
"710",-70.9991472703212,5.04649408330169,162
"711",-69.4892008571434,5.04649408330169,159
"712",-67.9792544439655,5.04649408330169,197
"713",-66.4693080307877,5.04649408330169,198
"714",-64.9593616176099,5.04649408330169,196
"715",-63.4494152044321,5.04649408330169,195
"716",-61.9394687912542,5.04649408330169,203
"717",-60.4295223780764,5.04649408330169,210
"718",-58.9195759648986,5.04649408330169,199
"719",-57.4096295517208,5.04649408330169,196
"720",-55.899683138543,5.04649408330169,189
"721",-54.3897367253651,5.04649408330169,186
"722",-52.8797903121873,5.04649408330169,214
"723",-76.2839597164436,6.35414603546688,182
"724",-74.7740133032657,6.35414603546688,184
"725",-73.2640668900879,6.35414603546688,182
"726",-71.7541204769101,6.35414603546688,202
"727",-70.2441740637323,6.35414603546688,167
"728",-68.7342276505545,6.35414603546688,166
"729",-67.2242812373766,6.35414603546688,197
"730",-65.7143348241988,6.35414603546688,183
"731",-64.204388411021,6.35414603546688,180
"732",-62.6944419978432,6.35414603546688,194
"733",-61.1844955846653,6.35414603546688,203
"734",-59.6745491714875,6.35414603546688,187
"735",-58.1646027583097,6.35414603546688,220
"736",-77.0389329230325,7.66179798763207,209
"737",-75.5289865098547,7.66179798763207,183
"738",-74.0190400966768,7.66179798763207,175
"739",-72.509093683499,7.66179798763207,213
"740",-70.9991472703212,7.66179798763207,177
"741",-69.4892008571434,7.66179798763207,162
"742",-67.9792544439655,7.66179798763207,167
"743",-66.4693080307877,7.66179798763207,187
"744",-64.9593616176099,7.66179798763207,187
"745",-63.4494152044321,7.66179798763207,188
"746",-61.9394687912542,7.66179798763207,185
"747",-60.4295223780764,7.66179798763207,192
"748",-58.9195759648986,7.66179798763207,208
"749",-82.3237453691549,8.96944993979725,208
"750",-77.7939061296214,8.96944993979725,207
"751",-76.2839597164436,8.96944993979725,173
"752",-74.7740133032657,8.96944993979725,166
"753",-73.2640668900879,8.96944993979725,190
"754",-71.7541204769101,8.96944993979725,233
"755",-70.2441740637323,8.96944993979725,215
"756",-68.7342276505545,8.96944993979725,165
"757",-67.2242812373766,8.96944993979725,167
"758",-65.7143348241988,8.96944993979725,161
"759",-64.204388411021,8.96944993979725,164
"760",-62.6944419978432,8.96944993979725,182
"761",-61.1844955846653,8.96944993979725,205
"762",-84.5886649889216,10.2771018919624,214
"763",-75.5289865098547,10.2771018919624,170
"764",-74.0190400966768,10.2771018919624,159
"765",-72.509093683499,10.2771018919624,211
"766",-70.9991472703212,10.2771018919624,168
"767",-69.4892008571434,10.2771018919624,179
"768",-67.9792544439655,10.2771018919624,206
"769",-66.4693080307877,10.2771018919624,205
"770",-63.4494152044321,10.2771018919624,204
"771",-85.3436381955105,11.5847538441276,148
"772",-83.8336917823327,11.5847538441276,149
"773",-87.6085578152772,12.8924057962928,134
"774",-86.0986114020994,12.8924057962928,169
"775",-84.5886649889216,12.8924057962928,137
"776",-91.3834238482218,14.200057748458,150
"777",-89.873477435044,14.200057748458,140
"778",-88.3635310218662,14.200057748458,146
"779",-86.8535846086883,14.200057748458,149
"780",-85.3436381955105,14.200057748458,141
"781",-83.8336917823327,14.200057748458,132
"782",-92.1383970548107,15.5077097006232,161
"783",-90.6284506416329,15.5077097006232,168
"784",-89.1185042284551,15.5077097006232,159
"785",-87.6085578152772,15.5077097006232,160
"786",-86.0986114020994,15.5077097006232,151
"787",-84.5886649889216,15.5077097006232,137
"788",-98.9331559141109,16.8153616527884,144
"789",-97.4232095009331,16.8153616527884,135
"790",-95.9132630877553,16.8153616527884,188
"791",-94.4033166745774,16.8153616527884,185
"792",-92.8933702613996,16.8153616527884,163
"793",-91.3834238482218,16.8153616527884,165
"794",-89.873477435044,16.8153616527884,134
"795",-88.3635310218662,16.8153616527884,151
"796",-102.708021947055,18.1230136049536,134
"797",-101.198075533878,18.1230136049536,135
"798",-99.6881291206998,18.1230136049536,128
"799",-98.178182707522,18.1230136049536,113
"800",-96.6682362943442,18.1230136049536,159
"801",-95.1582898811664,18.1230136049536,162
"802",-93.6483434679885,18.1230136049536,143
"803",-92.1383970548107,18.1230136049536,147
"804",-90.6284506416329,18.1230136049536,110
"805",-89.1185042284551,18.1230136049536,110
"806",-104.972941566822,19.4306655571188,118
"807",-103.462995153644,19.4306655571188,136
"808",-101.953048740467,19.4306655571188,115
"809",-100.443102327289,19.4306655571188,105
"810",-98.9331559141109,19.4306655571188,142
"811",-97.4232095009331,19.4306655571188,161
"812",-89.873477435044,19.4306655571188,86
"813",-88.3635310218662,19.4306655571188,89
"814",-104.217968360233,20.7383175092839,115
"815",-102.708021947055,20.7383175092839,109
"816",-101.198075533878,20.7383175092839,89
"817",-99.6881291206998,20.7383175092839,114
"818",-98.178182707522,20.7383175092839,143
"819",-89.1185042284551,20.7383175092839,81
"820",-87.6085578152772,20.7383175092839,114
"821",-104.972941566822,22.0459694614491,127
"822",-103.462995153644,22.0459694614491,107
"823",-101.953048740467,22.0459694614491,80
"824",-100.443102327289,22.0459694614491,92
"825",-98.9331559141109,22.0459694614491,115
"826",-105.727914773411,23.3536214136143,140
"827",-104.217968360233,23.3536214136143,115
"828",-102.708021947055,23.3536214136143,76
"829",-101.198075533878,23.3536214136143,76
"830",-99.6881291206998,23.3536214136143,132
"831",-98.178182707522,23.3536214136143,111
"832",-111.012727219533,24.6612733657795,74
"833",-106.48288798,24.6612733657795,100
"834",-104.972941566822,24.6612733657795,91
"835",-103.462995153644,24.6612733657795,78
"836",-101.953048740467,24.6612733657795,81
"837",-100.443102327289,24.6612733657795,102
"838",-98.9331559141109,24.6612733657795,75
"839",-111.767700426122,25.9689253179447,75
"840",-108.747807599767,25.9689253179447,92
"841",-107.237861186589,25.9689253179447,101
"842",-105.727914773411,25.9689253179447,89
"843",-104.217968360233,25.9689253179447,79
"844",-102.708021947055,25.9689253179447,80
"845",-101.198075533878,25.9689253179447,85
"846",-99.6881291206998,25.9689253179447,78
"847",-98.178182707522,25.9689253179447,64
"848",-81.5687721625659,25.9689253179447,65
"849",-114.032620045889,27.2765772701099,71
"850",-112.522673632711,27.2765772701099,73
"851",-109.502780806356,27.2765772701099,109
"852",-107.992834393178,27.2765772701099,89
"853",-106.48288798,27.2765772701099,89
"854",-104.972941566822,27.2765772701099,80
"855",-103.462995153644,27.2765772701099,78
"856",-101.953048740467,27.2765772701099,82
"857",-100.443102327289,27.2765772701099,73
"858",-98.9331559141109,27.2765772701099,58
"859",-82.3237453691549,27.2765772701099,71
"860",-80.813798955977,27.2765772701099,70
"861",-113.2776468393,28.5842292222751,72
"862",-111.767700426122,28.5842292222751,88
"863",-110.257754012945,28.5842292222751,71
"864",-108.747807599767,28.5842292222751,91
"865",-107.237861186589,28.5842292222751,85
"866",-105.727914773411,28.5842292222751,80
"867",-104.217968360233,28.5842292222751,83
"868",-102.708021947055,28.5842292222751,89
"869",-101.198075533878,28.5842292222751,80
"870",-99.6881291206998,28.5842292222751,60
"871",-98.178182707522,28.5842292222751,57
"872",-96.6682362943442,28.5842292222751,79
"873",-81.5687721625659,28.5842292222751,73
"874",-115.542566459067,29.8918811744403,82
"875",-112.522673632711,29.8918811744403,87
"876",-111.012727219533,29.8918811744403,64
"877",-109.502780806356,29.8918811744403,89
"878",-107.992834393178,29.8918811744403,90
"879",-106.48288798,29.8918811744403,83
"880",-104.972941566822,29.8918811744403,89
"881",-103.462995153644,29.8918811744403,84
"882",-101.953048740467,29.8918811744403,81
"883",-100.443102327289,29.8918811744403,66
"884",-98.9331559141109,29.8918811744403,64
"885",-97.4232095009331,29.8918811744403,59
"886",-95.9132630877553,29.8918811744403,77
"887",-94.4033166745774,29.8918811744403,76
"888",-92.8933702613996,29.8918811744403,68
"889",-91.3834238482218,29.8918811744403,71
"890",-89.873477435044,29.8918811744403,69
"891",-85.3436381955105,29.8918811744403,70
"892",-82.3237453691549,29.8918811744403,47
"893",-116.297539665656,31.1995331266055,91
"894",-111.767700426122,31.1995331266055,90
"895",-110.257754012945,31.1995331266055,94
"896",-108.747807599767,31.1995331266055,96
"897",-107.237861186589,31.1995331266055,87
"898",-105.727914773411,31.1995331266055,83
"899",-104.217968360233,31.1995331266055,87
"900",-102.708021947055,31.1995331266055,74
"901",-101.198075533878,31.1995331266055,68
"902",-99.6881291206998,31.1995331266055,52
"903",-98.178182707522,31.1995331266055,58
"904",-96.6682362943442,31.1995331266055,52
"905",-95.1582898811664,31.1995331266055,53
"906",-93.6483434679885,31.1995331266055,50
"907",-92.1383970548107,31.1995331266055,46
"908",-90.6284506416329,31.1995331266055,47
"909",-89.1185042284551,31.1995331266055,47
"910",-87.6085578152772,31.1995331266055,50
"911",-86.0986114020994,31.1995331266055,52
"912",-84.5886649889216,31.1995331266055,49
"913",-83.0787185757438,31.1995331266055,49
"914",-81.5687721625659,31.1995331266055,76
"915",-117.052512872245,32.5071850787706,87
"916",-115.542566459067,32.5071850787706,71
"917",-114.032620045889,32.5071850787706,65
"918",-112.522673632711,32.5071850787706,79
"919",-111.012727219533,32.5071850787706,89
"920",-109.502780806356,32.5071850787706,101
"921",-107.992834393178,32.5071850787706,93
"922",-106.48288798,32.5071850787706,83
"923",-104.972941566822,32.5071850787706,85
"924",-103.462995153644,32.5071850787706,80
"925",-101.953048740467,32.5071850787706,65
"926",-100.443102327289,32.5071850787706,57
"927",-98.9331559141109,32.5071850787706,54
"928",-97.4232095009331,32.5071850787706,52
"929",-95.9132630877553,32.5071850787706,51
"930",-94.4033166745774,32.5071850787706,53
"931",-92.8933702613996,32.5071850787706,48
"932",-91.3834238482218,32.5071850787706,49
"933",-89.873477435044,32.5071850787706,47
"934",-88.3635310218662,32.5071850787706,50
"935",-86.8535846086883,32.5071850787706,52
"936",-85.3436381955105,32.5071850787706,52
"937",-83.8336917823327,32.5071850787706,51
"938",-82.3237453691549,32.5071850787706,49
"939",-80.813798955977,32.5071850787706,77
"940",-117.807486078834,33.8148370309358,78
"941",-116.297539665656,33.8148370309358,82
"942",-114.787593252478,33.8148370309358,68
"943",-113.2776468393,33.8148370309358,73
"944",-111.767700426122,33.8148370309358,91
"945",-110.257754012945,33.8148370309358,94
"946",-108.747807599767,33.8148370309358,89
"947",-107.237861186589,33.8148370309358,94
"948",-105.727914773411,33.8148370309358,87
"949",-104.217968360233,33.8148370309358,71
"950",-102.708021947055,33.8148370309358,59
"951",-101.198075533878,33.8148370309358,62
"952",-99.6881291206998,33.8148370309358,56
"953",-98.178182707522,33.8148370309358,60
"954",-96.6682362943442,33.8148370309358,54
"955",-95.1582898811664,33.8148370309358,59
"956",-93.6483434679885,33.8148370309358,53
"957",-92.1383970548107,33.8148370309358,52
"958",-90.6284506416329,33.8148370309358,50
"959",-89.1185042284551,33.8148370309358,47
"960",-87.6085578152772,33.8148370309358,51
"961",-86.0986114020994,33.8148370309358,52
"962",-84.5886649889216,33.8148370309358,59
"963",-83.0787185757438,33.8148370309358,64
"964",-81.5687721625659,33.8148370309358,54
"965",-80.0588257493881,33.8148370309358,49
"966",-120.0724056986,35.122488983101,96
"967",-118.562459285423,35.122488983101,74
"968",-117.052512872245,35.122488983101,71
"969",-115.542566459067,35.122488983101,65
"970",-114.032620045889,35.122488983101,76
"971",-112.522673632711,35.122488983101,86
"972",-111.012727219533,35.122488983101,88
"973",-109.502780806356,35.122488983101,79
"974",-107.992834393178,35.122488983101,91
"975",-106.48288798,35.122488983101,100
"976",-104.972941566822,35.122488983101,78
"977",-103.462995153644,35.122488983101,61
"978",-101.953048740467,35.122488983101,63
"979",-100.443102327289,35.122488983101,55
"980",-98.9331559141109,35.122488983101,55
"981",-97.4232095009331,35.122488983101,54
"982",-95.9132630877553,35.122488983101,60
"983",-94.4033166745774,35.122488983101,59
"984",-92.8933702613996,35.122488983101,56
"985",-91.3834238482218,35.122488983101,57
"986",-89.873477435044,35.122488983101,52
"987",-88.3635310218662,35.122488983101,53
"988",-86.8535846086883,35.122488983101,52
"989",-85.3436381955105,35.122488983101,58
"990",-83.8336917823327,35.122488983101,70
"991",-82.3237453691549,35.122488983101,66
"992",-80.813798955977,35.122488983101,50
"993",-79.3038525427992,35.122488983101,48
"994",-77.7939061296214,35.122488983101,74
"995",-120.827378905189,36.4301409352662,62
"996",-119.317432492012,36.4301409352662,70
"997",-117.807486078834,36.4301409352662,78
"998",-116.297539665656,36.4301409352662,63
"999",-114.787593252478,36.4301409352662,74
"1000",-113.2776468393,36.4301409352662,79
"1001",-111.767700426122,36.4301409352662,91
"1002",-110.257754012945,36.4301409352662,71
"1003",-108.747807599767,36.4301409352662,79
"1004",-107.237861186589,36.4301409352662,88
"1005",-105.727914773411,36.4301409352662,92
"1006",-104.217968360233,36.4301409352662,87
"1007",-102.708021947055,36.4301409352662,67
"1008",-101.198075533878,36.4301409352662,63
"1009",-99.6881291206998,36.4301409352662,55
"1010",-98.178182707522,36.4301409352662,56
"1011",-96.6682362943442,36.4301409352662,54
"1012",-95.1582898811664,36.4301409352662,57
"1013",-93.6483434679885,36.4301409352662,56
"1014",-92.1383970548107,36.4301409352662,56
"1015",-90.6284506416329,36.4301409352662,57
"1016",-89.1185042284551,36.4301409352662,54
"1017",-87.6085578152772,36.4301409352662,52
"1018",-86.0986114020994,36.4301409352662,51
"1019",-84.5886649889216,36.4301409352662,69
"1020",-83.0787185757438,36.4301409352662,68
"1021",-81.5687721625659,36.4301409352662,64
"1022",-80.0588257493881,36.4301409352662,57
"1023",-78.5488793362103,36.4301409352662,46
"1024",-77.0389329230325,36.4301409352662,49
"1025",-121.582352111778,37.7377928874314,67
"1026",-120.0724056986,37.7377928874314,86
"1027",-118.562459285423,37.7377928874314,94
"1028",-117.052512872245,37.7377928874314,72
"1029",-115.542566459067,37.7377928874314,73
"1030",-114.032620045889,37.7377928874314,71
"1031",-112.522673632711,37.7377928874314,79
"1032",-111.012727219533,37.7377928874314,87
"1033",-109.502780806356,37.7377928874314,84
"1034",-107.992834393178,37.7377928874314,82
"1035",-106.48288798,37.7377928874314,84
"1036",-104.972941566822,37.7377928874314,94
"1037",-103.462995153644,37.7377928874314,71
"1038",-101.953048740467,37.7377928874314,57
"1039",-100.443102327289,37.7377928874314,58
"1040",-98.9331559141109,37.7377928874314,57
"1041",-97.4232095009331,37.7377928874314,56
"1042",-95.9132630877553,37.7377928874314,56
"1043",-94.4033166745774,37.7377928874314,53
"1044",-92.8933702613996,37.7377928874314,53
"1045",-91.3834238482218,37.7377928874314,51
"1046",-89.873477435044,37.7377928874314,54
"1047",-88.3635310218662,37.7377928874314,54
"1048",-86.8535846086883,37.7377928874314,49
"1049",-85.3436381955105,37.7377928874314,50
"1050",-83.8336917823327,37.7377928874314,57
"1051",-82.3237453691549,37.7377928874314,61
"1052",-80.813798955977,37.7377928874314,64
"1053",-79.3038525427992,37.7377928874314,63
"1054",-77.7939061296214,37.7377928874314,84
"1055",-122.337325318367,39.0454448395966,70
"1056",-120.827378905189,39.0454448395966,97
"1057",-119.317432492012,39.0454448395966,98
"1058",-117.807486078834,39.0454448395966,76
"1059",-116.297539665656,39.0454448395966,75
"1060",-114.787593252478,39.0454448395966,68
"1061",-113.2776468393,39.0454448395966,73
"1062",-111.767700426122,39.0454448395966,83
"1063",-110.257754012945,39.0454448395966,85
"1064",-108.747807599767,39.0454448395966,80
"1065",-107.237861186589,39.0454448395966,78
"1066",-105.727914773411,39.0454448395966,92
"1067",-104.217968360233,39.0454448395966,88
"1068",-102.708021947055,39.0454448395966,54
"1069",-101.198075533878,39.0454448395966,54
"1070",-99.6881291206998,39.0454448395966,59
"1071",-98.178182707522,39.0454448395966,58
"1072",-96.6682362943442,39.0454448395966,56
"1073",-95.1582898811664,39.0454448395966,56
"1074",-93.6483434679885,39.0454448395966,51
"1075",-92.1383970548107,39.0454448395966,52
"1076",-90.6284506416329,39.0454448395966,53
"1077",-89.1185042284551,39.0454448395966,51
"1078",-87.6085578152772,39.0454448395966,51
"1079",-86.0986114020994,39.0454448395966,49
"1080",-84.5886649889216,39.0454448395966,52
"1081",-83.0787185757438,39.0454448395966,56
"1082",-81.5687721625659,39.0454448395966,58
"1083",-80.0588257493881,39.0454448395966,62
"1084",-78.5488793362103,39.0454448395966,61
"1085",-77.0389329230325,39.0454448395966,84
"1086",-75.5289865098547,39.0454448395966,71
"1087",-123.092298524956,40.3530967917618,104
"1088",-121.582352111778,40.3530967917618,81
"1089",-120.0724056986,40.3530967917618,97
"1090",-118.562459285423,40.3530967917618,71
"1091",-117.052512872245,40.3530967917618,74
"1092",-115.542566459067,40.3530967917618,72
"1093",-114.032620045889,40.3530967917618,71
"1094",-112.522673632711,40.3530967917618,80
"1095",-111.012727219533,40.3530967917618,88
"1096",-109.502780806356,40.3530967917618,82
"1097",-107.992834393178,40.3530967917618,79
"1098",-106.48288798,40.3530967917618,77
"1099",-104.972941566822,40.3530967917618,85
"1100",-103.462995153644,40.3530967917618,60
"1101",-101.953048740467,40.3530967917618,53
"1102",-100.443102327289,40.3530967917618,58
"1103",-98.9331559141109,40.3530967917618,57
"1104",-97.4232095009331,40.3530967917618,60
"1105",-95.9132630877553,40.3530967917618,59
"1106",-94.4033166745774,40.3530967917618,54
"1107",-92.8933702613996,40.3530967917618,51
"1108",-91.3834238482218,40.3530967917618,50
"1109",-89.873477435044,40.3530967917618,51
"1110",-88.3635310218662,40.3530967917618,51
"1111",-86.8535846086883,40.3530967917618,50
"1112",-85.3436381955105,40.3530967917618,49
"1113",-83.8336917823327,40.3530967917618,52
"1114",-82.3237453691549,40.3530967917618,50
"1115",-80.813798955977,40.3530967917618,55
"1116",-79.3038525427992,40.3530967917618,60
"1117",-77.7939061296214,40.3530967917618,59
"1118",-76.2839597164436,40.3530967917618,84
"1119",-74.7740133032657,40.3530967917618,77
"1120",-123.847271731545,41.660748743927,84
"1121",-122.337325318367,41.660748743927,89
"1122",-120.827378905189,41.660748743927,83
"1123",-119.317432492012,41.660748743927,76
"1124",-117.807486078834,41.660748743927,69
"1125",-116.297539665656,41.660748743927,71
"1126",-114.787593252478,41.660748743927,75
"1127",-113.2776468393,41.660748743927,75
"1128",-111.767700426122,41.660748743927,82
"1129",-110.257754012945,41.660748743927,82
"1130",-108.747807599767,41.660748743927,68
"1131",-107.237861186589,41.660748743927,65
"1132",-105.727914773411,41.660748743927,78
"1133",-104.217968360233,41.660748743927,72
"1134",-102.708021947055,41.660748743927,62
"1135",-101.198075533878,41.660748743927,57
"1136",-99.6881291206998,41.660748743927,53
"1137",-98.178182707522,41.660748743927,52
"1138",-96.6682362943442,41.660748743927,57
"1139",-95.1582898811664,41.660748743927,50
"1140",-93.6483434679885,41.660748743927,50
"1141",-92.1383970548107,41.660748743927,51
"1142",-90.6284506416329,41.660748743927,51
"1143",-89.1185042284551,41.660748743927,50
"1144",-87.6085578152772,41.660748743927,50
"1145",-86.0986114020994,41.660748743927,47
"1146",-84.5886649889216,41.660748743927,47
"1147",-83.0787185757438,41.660748743927,50
"1148",-81.5687721625659,41.660748743927,48
"1149",-80.0588257493881,41.660748743927,49
"1150",-78.5488793362103,41.660748743927,53
"1151",-77.0389329230325,41.660748743927,56
"1152",-75.5289865098547,41.660748743927,57
"1153",-74.0190400966768,41.660748743927,52
"1154",-72.509093683499,41.660748743927,80
"1155",-70.9991472703212,41.660748743927,76
"1156",-123.092298524956,42.9684006960922,78
"1157",-121.582352111778,42.9684006960922,89
"1158",-120.0724056986,42.9684006960922,76
"1159",-118.562459285423,42.9684006960922,73
"1160",-117.052512872245,42.9684006960922,71
"1161",-115.542566459067,42.9684006960922,73
"1162",-114.032620045889,42.9684006960922,76
"1163",-112.522673632711,42.9684006960922,74
"1164",-111.012727219533,42.9684006960922,79
"1165",-109.502780806356,42.9684006960922,75
"1166",-107.992834393178,42.9684006960922,61
"1167",-106.48288798,42.9684006960922,60
"1168",-104.972941566822,42.9684006960922,70
"1169",-103.462995153644,42.9684006960922,71
"1170",-101.953048740467,42.9684006960922,61
"1171",-100.443102327289,42.9684006960922,59
"1172",-98.9331559141109,42.9684006960922,52
"1173",-97.4232095009331,42.9684006960922,55
"1174",-95.9132630877553,42.9684006960922,50
"1175",-94.4033166745774,42.9684006960922,51
"1176",-92.8933702613996,42.9684006960922,51
"1177",-91.3834238482218,42.9684006960922,52
"1178",-89.873477435044,42.9684006960922,54
"1179",-88.3635310218662,42.9684006960922,51
"1180",-86.8535846086883,42.9684006960922,44
"1181",-85.3436381955105,42.9684006960922,46
"1182",-83.8336917823327,42.9684006960922,44
"1183",-82.3237453691549,42.9684006960922,49
"1184",-80.813798955977,42.9684006960922,48
"1185",-79.3038525427992,42.9684006960922,49
"1186",-77.7939061296214,42.9684006960922,51
"1187",-76.2839597164436,42.9684006960922,52
"1188",-74.7740133032657,42.9684006960922,53
"1189",-73.2640668900879,42.9684006960922,54
"1190",-71.7541204769101,42.9684006960922,82
"1191",-123.847271731545,44.2760526482573,73
"1192",-122.337325318367,44.2760526482573,88
"1193",-120.827378905189,44.2760526482573,70
"1194",-119.317432492012,44.2760526482573,74
"1195",-117.807486078834,44.2760526482573,77
"1196",-116.297539665656,44.2760526482573,81
"1197",-114.787593252478,44.2760526482573,73
"1198",-113.2776468393,44.2760526482573,77
"1199",-111.767700426122,44.2760526482573,77
"1200",-110.257754012945,44.2760526482573,76
"1201",-108.747807599767,44.2760526482573,64
"1202",-107.237861186589,44.2760526482573,65
"1203",-105.727914773411,44.2760526482573,61
"1204",-104.217968360233,44.2760526482573,64
"1205",-102.708021947055,44.2760526482573,66
"1206",-101.198075533878,44.2760526482573,57
"1207",-99.6881291206998,44.2760526482573,52
"1208",-98.178182707522,44.2760526482573,51
"1209",-96.6682362943442,44.2760526482573,51
"1210",-95.1582898811664,44.2760526482573,51
"1211",-93.6483434679885,44.2760526482573,51
"1212",-92.1383970548107,44.2760526482573,55
"1213",-90.6284506416329,44.2760526482573,57
"1214",-89.1185042284551,44.2760526482573,56
"1215",-87.6085578152772,44.2760526482573,48
"1216",-86.0986114020994,44.2760526482573,44
"1217",-84.5886649889216,44.2760526482573,48
"1218",-83.0787185757438,44.2760526482573,48
"1219",-81.5687721625659,44.2760526482573,48
"1220",-80.0588257493881,44.2760526482573,49
"1221",-78.5488793362103,44.2760526482573,49
"1222",-77.0389329230325,44.2760526482573,49
"1223",-75.5289865098547,44.2760526482573,54
"1224",-74.0190400966768,44.2760526482573,52
"1225",-72.509093683499,44.2760526482573,53
"1226",-70.9991472703212,44.2760526482573,83
"1227",-69.4892008571434,44.2760526482573,78
"1228",-64.9593616176099,44.2760526482573,69
"1229",-123.092298524956,45.5837046004225,94
"1230",-121.582352111778,45.5837046004225,84
"1231",-120.0724056986,45.5837046004225,82
"1232",-118.562459285423,45.5837046004225,75
"1233",-117.052512872245,45.5837046004225,75
"1234",-115.542566459067,45.5837046004225,67
"1235",-114.032620045889,45.5837046004225,69
"1236",-112.522673632711,45.5837046004225,75
"1237",-111.012727219533,45.5837046004225,69
"1238",-109.502780806356,45.5837046004225,63
"1239",-107.992834393178,45.5837046004225,55
"1240",-106.48288798,45.5837046004225,52
"1241",-104.972941566822,45.5837046004225,60
"1242",-103.462995153644,45.5837046004225,58
"1243",-101.953048740467,45.5837046004225,52
"1244",-100.443102327289,45.5837046004225,52
"1245",-98.9331559141109,45.5837046004225,51
"1246",-97.4232095009331,45.5837046004225,53
"1247",-95.9132630877553,45.5837046004225,56
"1248",-94.4033166745774,45.5837046004225,58
"1249",-92.8933702613996,45.5837046004225,57
"1250",-91.3834238482218,45.5837046004225,57
"1251",-89.873477435044,45.5837046004225,53
"1252",-88.3635310218662,45.5837046004225,53
"1253",-86.8535846086883,45.5837046004225,48
"1254",-85.3436381955105,45.5837046004225,51
"1255",-83.8336917823327,45.5837046004225,54
"1256",-82.3237453691549,45.5837046004225,48
"1257",-80.813798955977,45.5837046004225,48
"1258",-79.3038525427992,45.5837046004225,48
"1259",-77.7939061296214,45.5837046004225,50
"1260",-76.2839597164436,45.5837046004225,53
"1261",-74.7740133032657,45.5837046004225,51
"1262",-73.2640668900879,45.5837046004225,68
"1263",-71.7541204769101,45.5837046004225,66
"1264",-70.2441740637323,45.5837046004225,49
"1265",-68.7342276505545,45.5837046004225,47
"1266",-67.2242812373766,45.5837046004225,47
"1267",-65.7143348241988,45.5837046004225,73
"1268",-64.204388411021,45.5837046004225,70
"1269",-62.6944419978432,45.5837046004225,66
"1270",-123.847271731545,46.8913565525877,83
"1271",-122.337325318367,46.8913565525877,88
"1272",-120.827378905189,46.8913565525877,82
"1273",-119.317432492012,46.8913565525877,66
"1274",-117.807486078834,46.8913565525877,74
"1275",-116.297539665656,46.8913565525877,71
"1276",-114.787593252478,46.8913565525877,70
"1277",-113.2776468393,46.8913565525877,68
"1278",-111.767700426122,46.8913565525877,72
"1279",-110.257754012945,46.8913565525877,65
"1280",-108.747807599767,46.8913565525877,58
"1281",-107.237861186589,46.8913565525877,56
"1282",-105.727914773411,46.8913565525877,55
"1283",-104.217968360233,46.8913565525877,55
"1284",-102.708021947055,46.8913565525877,59
"1285",-101.198075533878,46.8913565525877,54
"1286",-99.6881291206998,46.8913565525877,52
"1287",-98.178182707522,46.8913565525877,53
"1288",-96.6682362943442,46.8913565525877,58
"1289",-95.1582898811664,46.8913565525877,59
"1290",-93.6483434679885,46.8913565525877,57
"1291",-92.1383970548107,46.8913565525877,57
"1292",-90.6284506416329,46.8913565525877,50
"1293",-89.1185042284551,46.8913565525877,48
"1294",-87.6085578152772,46.8913565525877,48
"1295",-86.0986114020994,46.8913565525877,47
"1296",-84.5886649889216,46.8913565525877,55
"1297",-83.0787185757438,46.8913565525877,49
"1298",-81.5687721625659,46.8913565525877,48
"1299",-80.0588257493881,46.8913565525877,48
"1300",-78.5488793362103,46.8913565525877,45
"1301",-77.0389329230325,46.8913565525877,47
"1302",-75.5289865098547,46.8913565525877,46
"1303",-74.0190400966768,46.8913565525877,46
"1304",-72.509093683499,46.8913565525877,64
"1305",-69.4892008571434,46.8913565525877,67
"1306",-67.9792544439655,46.8913565525877,45
"1307",-66.4693080307877,46.8913565525877,44
"1308",-64.9593616176099,46.8913565525877,66
"1309",-124.602244938134,48.1990085047529,88
"1310",-121.582352111778,48.1990085047529,73
"1311",-120.0724056986,48.1990085047529,83
"1312",-118.562459285423,48.1990085047529,72
"1313",-117.052512872245,48.1990085047529,73
"1314",-115.542566459067,48.1990085047529,64
"1315",-114.032620045889,48.1990085047529,66
"1316",-112.522673632711,48.1990085047529,73
"1317",-111.012727219533,48.1990085047529,61
"1318",-109.502780806356,48.1990085047529,54
"1319",-107.992834393178,48.1990085047529,53
"1320",-106.48288798,48.1990085047529,51
"1321",-104.972941566822,48.1990085047529,52
"1322",-103.462995153644,48.1990085047529,55
"1323",-101.953048740467,48.1990085047529,50
"1324",-100.443102327289,48.1990085047529,52
"1325",-98.9331559141109,48.1990085047529,56
"1326",-97.4232095009331,48.1990085047529,58
"1327",-95.9132630877553,48.1990085047529,58
"1328",-94.4033166745774,48.1990085047529,56
"1329",-92.8933702613996,48.1990085047529,53
"1330",-91.3834238482218,48.1990085047529,49
"1331",-89.873477435044,48.1990085047529,49
"1332",-88.3635310218662,48.1990085047529,46
"1333",-86.8535846086883,48.1990085047529,46
"1334",-85.3436381955105,48.1990085047529,48
"1335",-83.8336917823327,48.1990085047529,48
"1336",-82.3237453691549,48.1990085047529,47
"1337",-80.813798955977,48.1990085047529,43
"1338",-79.3038525427992,48.1990085047529,43
"1339",-77.7939061296214,48.1990085047529,42
"1340",-76.2839597164436,48.1990085047529,43
"1341",-74.7740133032657,48.1990085047529,43
"1342",-73.2640668900879,48.1990085047529,42
"1343",-71.7541204769101,48.1990085047529,40
"1344",-70.2441740637323,48.1990085047529,63
"1345",-68.7342276505545,48.1990085047529,66
"1346",-67.2242812373766,48.1990085047529,62
"1347",-65.7143348241988,48.1990085047529,65
"1348",-123.847271731545,49.5066604569181,93
"1349",-122.337325318367,49.5066604569181,94
"1350",-120.827378905189,49.5066604569181,76
"1351",-119.317432492012,49.5066604569181,71
"1352",-117.807486078834,49.5066604569181,67
"1353",-116.297539665656,49.5066604569181,64
"1354",-114.787593252478,49.5066604569181,64
"1355",-113.2776468393,49.5066604569181,67
"1356",-111.767700426122,49.5066604569181,48
"1357",-110.257754012945,49.5066604569181,50
"1358",-108.747807599767,49.5066604569181,49
"1359",-107.237861186589,49.5066604569181,48
"1360",-105.727914773411,49.5066604569181,48
"1361",-104.217968360233,49.5066604569181,51
"1362",-102.708021947055,49.5066604569181,52
"1363",-101.198075533878,49.5066604569181,53
"1364",-99.6881291206998,49.5066604569181,57
"1365",-98.178182707522,49.5066604569181,58
"1366",-96.6682362943442,49.5066604569181,60
"1367",-95.1582898811664,49.5066604569181,58
"1368",-93.6483434679885,49.5066604569181,49
"1369",-92.1383970548107,49.5066604569181,46
"1370",-90.6284506416329,49.5066604569181,46
"1371",-89.1185042284551,49.5066604569181,47
"1372",-87.6085578152772,49.5066604569181,45
"1373",-86.0986114020994,49.5066604569181,46
"1374",-84.5886649889216,49.5066604569181,45
"1375",-83.0787185757438,49.5066604569181,45
"1376",-81.5687721625659,49.5066604569181,44
"1377",-80.0588257493881,49.5066604569181,45
"1378",-78.5488793362103,49.5066604569181,41
"1379",-77.0389329230325,49.5066604569181,40
"1380",-75.5289865098547,49.5066604569181,39
"1381",-74.0190400966768,49.5066604569181,40
"1382",-72.509093683499,49.5066604569181,38
"1383",-70.9991472703212,49.5066604569181,39
"1384",-69.4892008571434,49.5066604569181,39
"1385",-67.9792544439655,49.5066604569181,65
"1386",-126.112191351312,50.8143124090833,68
"1387",-124.602244938134,50.8143124090833,74
"1388",-123.092298524956,50.8143124090833,81
"1389",-121.582352111778,50.8143124090833,61
"1390",-120.0724056986,50.8143124090833,67
"1391",-118.562459285423,50.8143124090833,66
"1392",-117.052512872245,50.8143124090833,63
"1393",-115.542566459067,50.8143124090833,59
"1394",-114.032620045889,50.8143124090833,58
"1395",-112.522673632711,50.8143124090833,41
"1396",-111.012727219533,50.8143124090833,46
"1397",-109.502780806356,50.8143124090833,49
"1398",-107.992834393178,50.8143124090833,48
"1399",-106.48288798,50.8143124090833,49
"1400",-104.972941566822,50.8143124090833,55
"1401",-103.462995153644,50.8143124090833,57
"1402",-101.953048740467,50.8143124090833,57
"1403",-100.443102327289,50.8143124090833,57
"1404",-98.9331559141109,50.8143124090833,55
"1405",-97.4232095009331,50.8143124090833,52
"1406",-95.9132630877553,50.8143124090833,49
"1407",-94.4033166745774,50.8143124090833,44
"1408",-92.8933702613996,50.8143124090833,44
"1409",-91.3834238482218,50.8143124090833,45
"1410",-89.873477435044,50.8143124090833,44
"1411",-88.3635310218662,50.8143124090833,44
"1412",-86.8535846086883,50.8143124090833,44
"1413",-85.3436381955105,50.8143124090833,42
"1414",-83.8336917823327,50.8143124090833,41
"1415",-82.3237453691549,50.8143124090833,42
"1416",-80.813798955977,50.8143124090833,42
"1417",-79.3038525427992,50.8143124090833,42
"1418",-77.7939061296214,50.8143124090833,41
"1419",-76.2839597164436,50.8143124090833,41
"1420",-74.7740133032657,50.8143124090833,39
"1421",-73.2640668900879,50.8143124090833,39
"1422",-71.7541204769101,50.8143124090833,39
"1423",-70.2441740637323,50.8143124090833,39
"1424",-68.7342276505545,50.8143124090833,38
"1425",-67.2242812373766,50.8143124090833,38
"1426",-65.7143348241988,50.8143124090833,59
"1427",-64.204388411021,50.8143124090833,59
"1428",-62.6944419978432,50.8143124090833,56
"1429",-61.1844955846653,50.8143124090833,54
"1430",-59.6745491714875,50.8143124090833,56
"1431",-126.867164557901,52.1219643612485,70
"1432",-125.357218144723,52.1219643612485,76
"1433",-123.847271731545,52.1219643612485,58
"1434",-122.337325318367,52.1219643612485,56
"1435",-120.827378905189,52.1219643612485,60
"1436",-119.317432492012,52.1219643612485,61
"1437",-117.807486078834,52.1219643612485,63
"1438",-116.297539665656,52.1219643612485,58
"1439",-114.787593252478,52.1219643612485,55
"1440",-113.2776468393,52.1219643612485,46
"1441",-111.767700426122,52.1219643612485,40
"1442",-110.257754012945,52.1219643612485,43
"1443",-108.747807599767,52.1219643612485,48
"1444",-107.237861186589,52.1219643612485,49
"1445",-105.727914773411,52.1219643612485,48
"1446",-104.217968360233,52.1219643612485,48
"1447",-102.708021947055,52.1219643612485,55
"1448",-101.198075533878,52.1219643612485,56
"1449",-99.6881291206998,52.1219643612485,49
"1450",-98.178182707522,52.1219643612485,47
"1451",-96.6682362943442,52.1219643612485,44
"1452",-95.1582898811664,52.1219643612485,43
"1453",-93.6483434679885,52.1219643612485,42
"1454",-92.1383970548107,52.1219643612485,41
"1455",-90.6284506416329,52.1219643612485,40
"1456",-89.1185042284551,52.1219643612485,39
"1457",-87.6085578152772,52.1219643612485,39
"1458",-86.0986114020994,52.1219643612485,38
"1459",-84.5886649889216,52.1219643612485,41
"1460",-83.0787185757438,52.1219643612485,40
"1461",-81.5687721625659,52.1219643612485,44
"1462",-78.5488793362103,52.1219643612485,44
"1463",-77.0389329230325,52.1219643612485,37
"1464",-75.5289865098547,52.1219643612485,35
"1465",-74.0190400966768,52.1219643612485,34
"1466",-72.509093683499,52.1219643612485,36
"1467",-70.9991472703212,52.1219643612485,36
"1468",-69.4892008571434,52.1219643612485,37
"1469",-67.9792544439655,52.1219643612485,35
"1470",-66.4693080307877,52.1219643612485,33
"1471",-64.9593616176099,52.1219643612485,31
"1472",-63.4494152044321,52.1219643612485,31
"1473",-61.9394687912542,52.1219643612485,31
"1474",-60.4295223780764,52.1219643612485,32
"1475",-58.9195759648986,52.1219643612485,57
"1476",-57.4096295517208,52.1219643612485,56
"1477",-55.899683138543,52.1219643612485,56
"1478",-127.62213776449,53.4296163134137,71
"1479",-126.112191351312,53.4296163134137,75
"1480",-124.602244938134,53.4296163134137,52
"1481",-123.092298524956,53.4296163134137,52
"1482",-121.582352111778,53.4296163134137,58
"1483",-120.0724056986,53.4296163134137,60
"1484",-118.562459285423,53.4296163134137,58
"1485",-117.052512872245,53.4296163134137,56
"1486",-115.542566459067,53.4296163134137,49
"1487",-114.032620045889,53.4296163134137,51
"1488",-112.522673632711,53.4296163134137,48
"1489",-111.012727219533,53.4296163134137,48
"1490",-109.502780806356,53.4296163134137,50
"1491",-107.992834393178,53.4296163134137,54
"1492",-106.48288798,53.4296163134137,53
"1493",-104.972941566822,53.4296163134137,53
"1494",-103.462995153644,53.4296163134137,53
"1495",-101.953048740467,53.4296163134137,48
"1496",-100.443102327289,53.4296163134137,47
"1497",-98.9331559141109,53.4296163134137,42
"1498",-97.4232095009331,53.4296163134137,43
"1499",-95.9132630877553,53.4296163134137,42
"1500",-94.4033166745774,53.4296163134137,41
"1501",-92.8933702613996,53.4296163134137,40
"1502",-91.3834238482218,53.4296163134137,40
"1503",-89.873477435044,53.4296163134137,40
"1504",-88.3635310218662,53.4296163134137,40
"1505",-86.8535846086883,53.4296163134137,39
"1506",-85.3436381955105,53.4296163134137,37
"1507",-83.8336917823327,53.4296163134137,34
"1508",-82.3237453691549,53.4296163134137,40
"1509",-77.7939061296214,53.4296163134137,32
"1510",-76.2839597164436,53.4296163134137,31
"1511",-74.7740133032657,53.4296163134137,30
"1512",-73.2640668900879,53.4296163134137,29
"1513",-71.7541204769101,53.4296163134137,29
"1514",-70.2441740637323,53.4296163134137,31
"1515",-68.7342276505545,53.4296163134137,32
"1516",-67.2242812373766,53.4296163134137,32
"1517",-65.7143348241988,53.4296163134137,33
"1518",-64.204388411021,53.4296163134137,34
"1519",-62.6944419978432,53.4296163134137,33
"1520",-61.1844955846653,53.4296163134137,34
"1521",-59.6745491714875,53.4296163134137,53
"1522",-58.1646027583097,53.4296163134137,34
"1523",-56.6546563451319,53.4296163134137,54
"1524",-129.887057384256,54.7372682655788,65
"1525",-128.377110971078,54.7372682655788,68
"1526",-126.867164557901,54.7372682655788,49
"1527",-125.357218144723,54.7372682655788,48
"1528",-123.847271731545,54.7372682655788,51
"1529",-122.337325318367,54.7372682655788,55
"1530",-120.827378905189,54.7372682655788,60
"1531",-119.317432492012,54.7372682655788,57
"1532",-117.807486078834,54.7372682655788,52
"1533",-116.297539665656,54.7372682655788,49
"1534",-114.787593252478,54.7372682655788,53
"1535",-113.2776468393,54.7372682655788,53
"1536",-111.767700426122,54.7372682655788,50
"1537",-110.257754012945,54.7372682655788,50
"1538",-108.747807599767,54.7372682655788,53
"1539",-107.237861186589,54.7372682655788,53
"1540",-105.727914773411,54.7372682655788,52
"1541",-104.217968360233,54.7372682655788,49
"1542",-102.708021947055,54.7372682655788,45
"1543",-101.198075533878,54.7372682655788,45
"1544",-99.6881291206998,54.7372682655788,40
"1545",-98.178182707522,54.7372682655788,39
"1546",-96.6682362943442,54.7372682655788,39
"1547",-95.1582898811664,54.7372682655788,39
"1548",-93.6483434679885,54.7372682655788,37
"1549",-92.1383970548107,54.7372682655788,38
"1550",-90.6284506416329,54.7372682655788,38
"1551",-89.1185042284551,54.7372682655788,38
"1552",-87.6085578152772,54.7372682655788,37
"1553",-86.0986114020994,54.7372682655788,36
"1554",-84.5886649889216,54.7372682655788,34
"1555",-83.0787185757438,54.7372682655788,34
"1556",-78.5488793362103,54.7372682655788,37
"1557",-77.0389329230325,54.7372682655788,31
"1558",-75.5289865098547,54.7372682655788,30
"1559",-74.0190400966768,54.7372682655788,30
"1560",-72.509093683499,54.7372682655788,28
"1561",-70.9991472703212,54.7372682655788,29
"1562",-69.4892008571434,54.7372682655788,30
"1563",-67.9792544439655,54.7372682655788,32
"1564",-66.4693080307877,54.7372682655788,32
"1565",-64.9593616176099,54.7372682655788,33
"1566",-63.4494152044321,54.7372682655788,34
"1567",-61.9394687912542,54.7372682655788,35
"1568",-60.4295223780764,54.7372682655788,53
"1569",-58.9195759648986,54.7372682655788,52
"1570",-159.331012441224,56.044920217744,47
"1571",-130.642030590845,56.044920217744,64
"1572",-129.132084177667,56.044920217744,68
"1573",-127.62213776449,56.044920217744,49
"1574",-126.112191351312,56.044920217744,46
"1575",-124.602244938134,56.044920217744,48
"1576",-123.092298524956,56.044920217744,53
"1577",-121.582352111778,56.044920217744,56
"1578",-120.0724056986,56.044920217744,55
"1579",-118.562459285423,56.044920217744,49
"1580",-117.052512872245,56.044920217744,50
"1581",-115.542566459067,56.044920217744,48
"1582",-114.032620045889,56.044920217744,46
"1583",-112.522673632711,56.044920217744,46
"1584",-111.012727219533,56.044920217744,45
"1585",-109.502780806356,56.044920217744,45
"1586",-107.992834393178,56.044920217744,42
"1587",-106.48288798,56.044920217744,41
"1588",-104.972941566822,56.044920217744,40
"1589",-103.462995153644,56.044920217744,39
"1590",-101.953048740467,56.044920217744,38
"1591",-100.443102327289,56.044920217744,36
"1592",-98.9331559141109,56.044920217744,37
"1593",-97.4232095009331,56.044920217744,38
"1594",-95.9132630877553,56.044920217744,38
"1595",-94.4033166745774,56.044920217744,38
"1596",-92.8933702613996,56.044920217744,38
"1597",-91.3834238482218,56.044920217744,38
"1598",-89.873477435044,56.044920217744,37
"1599",-88.3635310218662,56.044920217744,38
"1600",-76.2839597164436,56.044920217744,36
"1601",-74.7740133032657,56.044920217744,28
"1602",-73.2640668900879,56.044920217744,29
"1603",-71.7541204769101,56.044920217744,28
"1604",-70.2441740637323,56.044920217744,28
"1605",-68.7342276505545,56.044920217744,28
"1606",-67.2242812373766,56.044920217744,31
"1607",-65.7143348241988,56.044920217744,31
"1608",-64.204388411021,56.044920217744,32
"1609",-62.6944419978432,56.044920217744,32
"1610",-157.066092821457,57.3525721699092,54
"1611",-132.906950210612,57.3525721699092,65
"1612",-131.397003797434,57.3525721699092,68
"1613",-129.887057384256,57.3525721699092,48
"1614",-128.377110971078,57.3525721699092,48
"1615",-126.867164557901,57.3525721699092,48
"1616",-125.357218144723,57.3525721699092,48
"1617",-123.847271731545,57.3525721699092,49
"1618",-122.337325318367,57.3525721699092,49
"1619",-120.827378905189,57.3525721699092,48
"1620",-119.317432492012,57.3525721699092,45
"1621",-117.807486078834,57.3525721699092,44
"1622",-116.297539665656,57.3525721699092,42
"1623",-114.787593252478,57.3525721699092,43
"1624",-113.2776468393,57.3525721699092,43
"1625",-111.767700426122,57.3525721699092,43
"1626",-110.257754012945,57.3525721699092,44
"1627",-108.747807599767,57.3525721699092,41
"1628",-107.237861186589,57.3525721699092,38
"1629",-105.727914773411,57.3525721699092,39
"1630",-104.217968360233,57.3525721699092,38
"1631",-102.708021947055,57.3525721699092,37
"1632",-101.198075533878,57.3525721699092,36
"1633",-99.6881291206998,57.3525721699092,38
"1634",-98.178182707522,57.3525721699092,37
"1635",-96.6682362943442,57.3525721699092,37
"1636",-95.1582898811664,57.3525721699092,38
"1637",-93.6483434679885,57.3525721699092,39
"1638",-75.5289865098547,57.3525721699092,28
"1639",-74.0190400966768,57.3525721699092,29
"1640",-72.509093683499,57.3525721699092,31
"1641",-70.9991472703212,57.3525721699092,29
"1642",-69.4892008571434,57.3525721699092,30
"1643",-67.9792544439655,57.3525721699092,29
"1644",-66.4693080307877,57.3525721699092,29
"1645",-64.9593616176099,57.3525721699092,31
"1646",-63.4494152044321,57.3525721699092,29
"1647",-61.9394687912542,57.3525721699092,44
"1648",-156.311119614868,58.6602241220744,56
"1649",-154.80117320169,58.6602241220744,58
"1650",-136.681816243556,58.6602241220744,61
"1651",-133.661923417201,58.6602241220744,68
"1652",-132.151977004023,58.6602241220744,49
"1653",-130.642030590845,58.6602241220744,48
"1654",-129.132084177667,58.6602241220744,48
"1655",-127.62213776449,58.6602241220744,49
"1656",-126.112191351312,58.6602241220744,50
"1657",-124.602244938134,58.6602241220744,48
"1658",-123.092298524956,58.6602241220744,44
"1659",-121.582352111778,58.6602241220744,43
"1660",-120.0724056986,58.6602241220744,42
"1661",-118.562459285423,58.6602241220744,42
"1662",-117.052512872245,58.6602241220744,42
"1663",-115.542566459067,58.6602241220744,44
"1664",-114.032620045889,58.6602241220744,44
"1665",-112.522673632711,58.6602241220744,44
"1666",-111.012727219533,58.6602241220744,43
"1667",-109.502780806356,58.6602241220744,41
"1668",-107.992834393178,58.6602241220744,40
"1669",-106.48288798,58.6602241220744,37
"1670",-104.972941566822,58.6602241220744,36
"1671",-103.462995153644,58.6602241220744,35
"1672",-101.953048740467,58.6602241220744,35
"1673",-100.443102327289,58.6602241220744,36
"1674",-98.9331559141109,58.6602241220744,37
"1675",-97.4232095009331,58.6602241220744,40
"1676",-95.9132630877553,58.6602241220744,42
"1677",-94.4033166745774,58.6602241220744,44
"1678",-77.7939061296214,58.6602241220744,27
"1679",-76.2839597164436,58.6602241220744,27
"1680",-74.7740133032657,58.6602241220744,23
"1681",-73.2640668900879,58.6602241220744,24
"1682",-71.7541204769101,58.6602241220744,27
"1683",-70.2441740637323,58.6602241220744,38
"1684",-68.7342276505545,58.6602241220744,39
"1685",-65.7143348241988,58.6602241220744,39
"1686",-64.204388411021,58.6602241220744,24
"1687",-163.105878474168,59.9678760742396,47
"1688",-161.595932060991,59.9678760742396,52
"1689",-160.085985647813,59.9678760742396,56
"1690",-158.576039234635,59.9678760742396,59
"1691",-157.066092821457,59.9678760742396,36
"1692",-155.556146408279,59.9678760742396,37
"1693",-154.046199995101,59.9678760742396,60
"1694",-151.026307168746,59.9678760742396,57
"1695",-149.516360755568,59.9678760742396,58
"1696",-140.456682276501,59.9678760742396,57
"1697",-138.946735863323,59.9678760742396,63
"1698",-137.436789450145,59.9678760742396,67
"1699",-135.926843036968,59.9678760742396,71
"1700",-134.41689662379,59.9678760742396,48
"1701",-132.906950210612,59.9678760742396,47
"1702",-131.397003797434,59.9678760742396,48
"1703",-129.887057384256,59.9678760742396,48
"1704",-128.377110971078,59.9678760742396,49
"1705",-126.867164557901,59.9678760742396,51
"1706",-125.357218144723,59.9678760742396,51
"1707",-123.847271731545,59.9678760742396,49
"1708",-122.337325318367,59.9678760742396,44
"1709",-120.827378905189,59.9678760742396,40
"1710",-119.317432492012,59.9678760742396,41
"1711",-117.807486078834,59.9678760742396,41
"1712",-116.297539665656,59.9678760742396,41
"1713",-114.787593252478,59.9678760742396,41
"1714",-113.2776468393,59.9678760742396,41
"1715",-111.767700426122,59.9678760742396,41
"1716",-110.257754012945,59.9678760742396,40
"1717",-108.747807599767,59.9678760742396,35
"1718",-107.237861186589,59.9678760742396,35
"1719",-105.727914773411,59.9678760742396,34
"1720",-104.217968360233,59.9678760742396,36
"1721",-102.708021947055,59.9678760742396,33
"1722",-101.198075533878,59.9678760742396,33
"1723",-99.6881291206998,59.9678760742396,34
"1724",-98.178182707522,59.9678760742396,34
"1725",-96.6682362943442,59.9678760742396,35
"1726",-95.1582898811664,59.9678760742396,40
"1727",-77.0389329230325,59.9678760742396,23
"1728",-75.5289865098547,59.9678760742396,17
"1729",-74.0190400966768,59.9678760742396,17
"1730",-72.509093683499,59.9678760742396,19
"1731",-70.9991472703212,59.9678760742396,30
"1732",-64.9593616176099,59.9678760742396,37
"1733",-165.370798093935,61.2755280264048,46
"1734",-163.860851680757,61.2755280264048,28
"1735",-162.350905267579,61.2755280264048,28
"1736",-160.840958854402,61.2755280264048,34
"1737",-159.331012441224,61.2755280264048,34
"1738",-157.821066028046,61.2755280264048,35
"1739",-156.311119614868,61.2755280264048,34
"1740",-154.80117320169,61.2755280264048,36
"1741",-153.291226788513,61.2755280264048,36
"1742",-151.781280375335,61.2755280264048,60
"1743",-150.271333962157,61.2755280264048,60
"1744",-148.761387548979,61.2755280264048,64
"1745",-147.251441135801,61.2755280264048,61
"1746",-145.741494722623,61.2755280264048,61
"1747",-144.231548309446,61.2755280264048,37
"1748",-142.721601896268,61.2755280264048,41
"1749",-141.21165548309,61.2755280264048,40
"1750",-139.701709069912,61.2755280264048,43
"1751",-138.191762656734,61.2755280264048,44
"1752",-136.681816243556,61.2755280264048,47
"1753",-135.171869830379,61.2755280264048,48
"1754",-133.661923417201,61.2755280264048,47
"1755",-132.151977004023,61.2755280264048,46
"1756",-130.642030590845,61.2755280264048,47
"1757",-129.132084177667,61.2755280264048,48
"1758",-127.62213776449,61.2755280264048,47
"1759",-126.112191351312,61.2755280264048,46
"1760",-124.602244938134,61.2755280264048,47
"1761",-123.092298524956,61.2755280264048,46
"1762",-121.582352111778,61.2755280264048,42
"1763",-120.0724056986,61.2755280264048,39
"1764",-118.562459285423,61.2755280264048,40
"1765",-117.052512872245,61.2755280264048,41
"1766",-115.542566459067,61.2755280264048,39
"1767",-114.032620045889,61.2755280264048,39
"1768",-112.522673632711,61.2755280264048,40
"1769",-111.012727219533,61.2755280264048,36
"1770",-109.502780806356,61.2755280264048,36
"1771",-107.992834393178,61.2755280264048,37
"1772",-106.48288798,61.2755280264048,36
"1773",-104.972941566822,61.2755280264048,36
"1774",-103.462995153644,61.2755280264048,33
"1775",-101.953048740467,61.2755280264048,31
"1776",-100.443102327289,61.2755280264048,28
"1777",-98.9331559141109,61.2755280264048,27
"1778",-97.4232095009331,61.2755280264048,27
"1779",-95.9132630877553,61.2755280264048,22
"1780",-94.4033166745774,61.2755280264048,28
"1781",-76.2839597164436,61.2755280264048,16
"1782",-74.7740133032657,61.2755280264048,16
"1783",-73.2640668900879,61.2755280264048,16
"1784",-71.7541204769101,61.2755280264048,27
"1785",-164.615824887346,62.58317997857,47
"1786",-163.105878474168,62.58317997857,45
"1787",-161.595932060991,62.58317997857,46
"1788",-160.085985647813,62.58317997857,49
"1789",-158.576039234635,62.58317997857,32
"1790",-157.066092821457,62.58317997857,35
"1791",-155.556146408279,62.58317997857,34
"1792",-154.046199995101,62.58317997857,36
"1793",-152.536253581924,62.58317997857,38
"1794",-151.026307168746,62.58317997857,39
"1795",-149.516360755568,62.58317997857,40
"1796",-148.00641434239,62.58317997857,39
"1797",-146.496467929212,62.58317997857,40
"1798",-144.986521516034,62.58317997857,39
"1799",-143.476575102857,62.58317997857,39
"1800",-141.966628689679,62.58317997857,39
"1801",-140.456682276501,62.58317997857,41
"1802",-138.946735863323,62.58317997857,42
"1803",-137.436789450145,62.58317997857,41
"1804",-135.926843036968,62.58317997857,42
"1805",-134.41689662379,62.58317997857,41
"1806",-132.906950210612,62.58317997857,42
"1807",-131.397003797434,62.58317997857,43
"1808",-129.887057384256,62.58317997857,43
"1809",-128.377110971078,62.58317997857,43
"1810",-126.867164557901,62.58317997857,43
"1811",-125.357218144723,62.58317997857,41
"1812",-123.847271731545,62.58317997857,39
"1813",-122.337325318367,62.58317997857,36
"1814",-120.827378905189,62.58317997857,35
"1815",-119.317432492012,62.58317997857,34
"1816",-117.807486078834,62.58317997857,35
"1817",-116.297539665656,62.58317997857,35
"1818",-114.787593252478,62.58317997857,34
"1819",-113.2776468393,62.58317997857,34
"1820",-111.767700426122,62.58317997857,36
"1821",-110.257754012945,62.58317997857,36
"1822",-108.747807599767,62.58317997857,34
"1823",-107.237861186589,62.58317997857,35
"1824",-105.727914773411,62.58317997857,31
"1825",-104.217968360233,62.58317997857,29
"1826",-102.708021947055,62.58317997857,27
"1827",-101.198075533878,62.58317997857,26
"1828",-99.6881291206998,62.58317997857,21
"1829",-98.178182707522,62.58317997857,22
"1830",-96.6682362943442,62.58317997857,21
"1831",-95.1582898811664,62.58317997857,19
"1832",-93.6483434679885,62.58317997857,26
"1833",-92.1383970548107,62.58317997857,27
"1834",-159.331012441224,63.8908319307352,32
"1835",-157.821066028046,63.8908319307352,34
"1836",-156.311119614868,63.8908319307352,32
"1837",-154.80117320169,63.8908319307352,34
"1838",-153.291226788513,63.8908319307352,36
"1839",-151.781280375335,63.8908319307352,38
"1840",-150.271333962157,63.8908319307352,40
"1841",-148.761387548979,63.8908319307352,38
"1842",-147.251441135801,63.8908319307352,39
"1843",-145.741494722623,63.8908319307352,41
"1844",-144.231548309446,63.8908319307352,41
"1845",-142.721601896268,63.8908319307352,39
"1846",-141.21165548309,63.8908319307352,39
"1847",-139.701709069912,63.8908319307352,40
"1848",-138.191762656734,63.8908319307352,42
"1849",-136.681816243556,63.8908319307352,40
"1850",-135.171869830379,63.8908319307352,39
"1851",-133.661923417201,63.8908319307352,40
"1852",-132.151977004023,63.8908319307352,41
"1853",-130.642030590845,63.8908319307352,40
"1854",-129.132084177667,63.8908319307352,39
"1855",-127.62213776449,63.8908319307352,37
"1856",-126.112191351312,63.8908319307352,37
"1857",-124.602244938134,63.8908319307352,33
"1858",-123.092298524956,63.8908319307352,32
"1859",-121.582352111778,63.8908319307352,32
"1860",-120.0724056986,63.8908319307352,32
"1861",-118.562459285423,63.8908319307352,35
"1862",-117.052512872245,63.8908319307352,34
"1863",-115.542566459067,63.8908319307352,33
"1864",-114.032620045889,63.8908319307352,32
"1865",-112.522673632711,63.8908319307352,31
"1866",-111.012727219533,63.8908319307352,32
"1867",-109.502780806356,63.8908319307352,28
"1868",-107.992834393178,63.8908319307352,25
"1869",-106.48288798,63.8908319307352,23
"1870",-104.972941566822,63.8908319307352,20
"1871",-103.462995153644,63.8908319307352,20
"1872",-101.953048740467,63.8908319307352,20
"1873",-100.443102327289,63.8908319307352,20
"1874",-98.9331559141109,63.8908319307352,20
"1875",-97.4232095009331,63.8908319307352,19
"1876",-95.9132630877553,63.8908319307352,17
"1877",-94.4033166745774,63.8908319307352,24
"1878",-91.3834238482218,63.8908319307352,24
"1879",-166.125771300524,65.1984838829004,44
"1880",-164.615824887346,65.1984838829004,45
"1881",-163.105878474168,65.1984838829004,44
"1882",-161.595932060991,65.1984838829004,47
"1883",-160.085985647813,65.1984838829004,49
"1884",-158.576039234635,65.1984838829004,34
"1885",-157.066092821457,65.1984838829004,34
"1886",-155.556146408279,65.1984838829004,32
"1887",-154.046199995101,65.1984838829004,34
"1888",-152.536253581924,65.1984838829004,37
"1889",-151.026307168746,65.1984838829004,38
"1890",-149.516360755568,65.1984838829004,40
"1891",-148.00641434239,65.1984838829004,38
"1892",-146.496467929212,65.1984838829004,41
"1893",-144.986521516034,65.1984838829004,41
"1894",-143.476575102857,65.1984838829004,39
"1895",-141.966628689679,65.1984838829004,39
"1896",-140.456682276501,65.1984838829004,39
"1897",-138.946735863323,65.1984838829004,42
"1898",-137.436789450145,65.1984838829004,41
"1899",-135.926843036968,65.1984838829004,39
"1900",-134.41689662379,65.1984838829004,39
"1901",-132.906950210612,65.1984838829004,41
"1902",-131.397003797434,65.1984838829004,40
"1903",-129.887057384256,65.1984838829004,39
"1904",-128.377110971078,65.1984838829004,37
"1905",-126.867164557901,65.1984838829004,37
"1906",-125.357218144723,65.1984838829004,35
"1907",-123.847271731545,65.1984838829004,32
"1908",-122.337325318367,65.1984838829004,32
"1909",-120.827378905189,65.1984838829004,32
"1910",-119.317432492012,65.1984838829004,34
"1911",-117.807486078834,65.1984838829004,34
"1912",-116.297539665656,65.1984838829004,33
"1913",-114.787593252478,65.1984838829004,32
"1914",-113.2776468393,65.1984838829004,32
"1915",-111.767700426122,65.1984838829004,32
"1916",-110.257754012945,65.1984838829004,31
"1917",-108.747807599767,65.1984838829004,27
"1918",-107.237861186589,65.1984838829004,25
"1919",-105.727914773411,65.1984838829004,21
"1920",-104.217968360233,65.1984838829004,20
"1921",-102.708021947055,65.1984838829004,20
"1922",-101.198075533878,65.1984838829004,20
"1923",-99.6881291206998,65.1984838829004,20
"1924",-98.178182707522,65.1984838829004,20
"1925",-96.6682362943442,65.1984838829004,18
"1926",-95.1582898811664,65.1984838829004,17
"1927",-93.6483434679885,65.1984838829004,24
"1928",-92.1383970548107,65.1984838829004,24
"1929",-90.6284506416329,65.1984838829004,25
"1930",-89.1185042284551,65.1984838829004,26
"1931",-87.6085578152772,65.1984838829004,25
"1932",-163.860851680757,66.5061358350656,42
"1933",-159.331012441224,66.5061358350656,31
"1934",-157.821066028046,66.5061358350656,31
"1935",-156.311119614868,66.5061358350656,31
"1936",-154.80117320169,66.5061358350656,33
"1937",-153.291226788513,66.5061358350656,33
"1938",-151.781280375335,66.5061358350656,34
"1939",-150.271333962157,66.5061358350656,35
"1940",-148.761387548979,66.5061358350656,39
"1941",-147.251441135801,66.5061358350656,40
"1942",-145.741494722623,66.5061358350656,40
"1943",-144.231548309446,66.5061358350656,41
"1944",-142.721601896268,66.5061358350656,38
"1945",-141.21165548309,66.5061358350656,39
"1946",-139.701709069912,66.5061358350656,37
"1947",-138.191762656734,66.5061358350656,38
"1948",-136.681816243556,66.5061358350656,38
"1949",-135.171869830379,66.5061358350656,38
"1950",-133.661923417201,66.5061358350656,37
"1951",-132.151977004023,66.5061358350656,37
"1952",-130.642030590845,66.5061358350656,36
"1953",-129.132084177667,66.5061358350656,34
"1954",-127.62213776449,66.5061358350656,33
"1955",-126.112191351312,66.5061358350656,33
"1956",-124.602244938134,66.5061358350656,31
"1957",-123.092298524956,66.5061358350656,31
"1958",-121.582352111778,66.5061358350656,30
"1959",-120.0724056986,66.5061358350656,30
"1960",-118.562459285423,66.5061358350656,29
"1961",-117.052512872245,66.5061358350656,29
"1962",-115.542566459067,66.5061358350656,26
"1963",-114.032620045889,66.5061358350656,23
"1964",-112.522673632711,66.5061358350656,20
"1965",-111.012727219533,66.5061358350656,19
"1966",-109.502780806356,66.5061358350656,19
"1967",-107.992834393178,66.5061358350656,21
"1968",-106.48288798,66.5061358350656,17
"1969",-104.972941566822,66.5061358350656,17
"1970",-103.462995153644,66.5061358350656,16
"1971",-101.953048740467,66.5061358350656,17
"1972",-100.443102327289,66.5061358350656,17
"1973",-98.9331559141109,66.5061358350656,17
"1974",-97.4232095009331,66.5061358350656,17
"1975",-95.9132630877553,66.5061358350656,19
"1976",-94.4033166745774,66.5061358350656,16
"1977",-92.8933702613996,66.5061358350656,16
"1978",-91.3834238482218,66.5061358350656,25
"1979",-89.873477435044,66.5061358350656,25
"1980",-88.3635310218662,66.5061358350656,23
"1981",-86.8535846086883,66.5061358350656,23
"1982",-85.3436381955105,66.5061358350656,23
"1983",-164.615824887346,67.8137877872307,37
"1984",-163.105878474168,67.8137877872307,38
"1985",-161.595932060991,67.8137877872307,29
"1986",-160.085985647813,67.8137877872307,32
"1987",-158.576039234635,67.8137877872307,33
"1988",-157.066092821457,67.8137877872307,33
"1989",-155.556146408279,67.8137877872307,33
"1990",-154.046199995101,67.8137877872307,33
"1991",-152.536253581924,67.8137877872307,34
"1992",-151.026307168746,67.8137877872307,34
"1993",-149.516360755568,67.8137877872307,36
"1994",-148.00641434239,67.8137877872307,37
"1995",-146.496467929212,67.8137877872307,37
"1996",-144.986521516034,67.8137877872307,39
"1997",-143.476575102857,67.8137877872307,39
"1998",-141.966628689679,67.8137877872307,38
"1999",-140.456682276501,67.8137877872307,37
"2000",-138.946735863323,67.8137877872307,44
"2001",-137.436789450145,67.8137877872307,44
"2002",-135.926843036968,67.8137877872307,42
"2003",-134.41689662379,67.8137877872307,40
"2004",-132.906950210612,67.8137877872307,37
"2005",-131.397003797434,67.8137877872307,38
"2006",-129.887057384256,67.8137877872307,33
"2007",-128.377110971078,67.8137877872307,33
"2008",-126.867164557901,67.8137877872307,30
"2009",-125.357218144723,67.8137877872307,34
"2010",-123.847271731545,67.8137877872307,32
"2011",-122.337325318367,67.8137877872307,27
"2012",-120.827378905189,67.8137877872307,24
"2013",-119.317432492012,67.8137877872307,27
"2014",-117.807486078834,67.8137877872307,25
"2015",-116.297539665656,67.8137877872307,25
"2016",-110.257754012945,67.8137877872307,20
"2017",-107.237861186589,67.8137877872307,20
"2018",-105.727914773411,67.8137877872307,18
"2019",-104.217968360233,67.8137877872307,18
"2020",-102.708021947055,67.8137877872307,18
"2021",-98.178182707522,67.8137877872307,18
"2022",-96.6682362943442,67.8137877872307,18
"2023",-95.1582898811664,67.8137877872307,18
"2024",-93.6483434679885,67.8137877872307,18
"2025",-92.1383970548107,67.8137877872307,15
"2026",-90.6284506416329,67.8137877872307,18
"2027",-89.1185042284551,67.8137877872307,19
"2028",-86.0986114020994,67.8137877872307,18
"2029",-84.5886649889216,67.8137877872307,18
"2030",-83.0787185757438,67.8137877872307,14
"2031",-162.350905267579,69.1214397393959,26
"2032",-160.840958854402,69.1214397393959,32
"2033",-159.331012441224,69.1214397393959,32
"2034",-157.821066028046,69.1214397393959,33
"2035",-156.311119614868,69.1214397393959,33
"2036",-154.80117320169,69.1214397393959,33
"2037",-153.291226788513,69.1214397393959,34
"2038",-151.781280375335,69.1214397393959,34
"2039",-150.271333962157,69.1214397393959,34
"2040",-148.761387548979,69.1214397393959,37
"2041",-147.251441135801,69.1214397393959,37
"2042",-145.741494722623,69.1214397393959,37
"2043",-144.231548309446,69.1214397393959,39
"2044",-142.721601896268,69.1214397393959,39
"2045",-141.21165548309,69.1214397393959,38
"2046",-139.701709069912,69.1214397393959,35
"2047",-138.191762656734,69.1214397393959,44
"2048",-135.171869830379,69.1214397393959,42
"2049",-133.661923417201,69.1214397393959,39
"2050",-132.151977004023,69.1214397393959,37
"2051",-130.642030590845,69.1214397393959,38
"2052",-129.132084177667,69.1214397393959,33
"2053",-127.62213776449,69.1214397393959,31
"2054",-126.112191351312,69.1214397393959,30
"2055",-124.602244938134,69.1214397393959,33
"2056",-123.092298524956,69.1214397393959,32
"2057",-121.582352111778,69.1214397393959,26
"2058",-120.0724056986,69.1214397393959,24
"2059",-118.562459285423,69.1214397393959,27
"2060",-92.8933702613996,69.1214397393959,15
"2061",-91.3834238482218,69.1214397393959,19
"2062",-83.8336917823327,69.1214397393959,14
"2063",-82.3237453691549,69.1214397393959,22
"2064",-160.085985647813,70.4290916915611,35
"2065",-158.576039234635,70.4290916915611,34
"2066",-157.066092821457,70.4290916915611,35
"2067",-155.556146408279,70.4290916915611,33
"2068",-154.046199995101,70.4290916915611,34
"2069",-152.536253581924,70.4290916915611,35
"2070",-151.026307168746,70.4290916915611,36
"2071",-149.516360755568,70.4290916915611,37
"2072",-95.1582898811664,70.4290916915611,18
"2073",-93.6483434679885,70.4290916915611,19
"2074",-92.1383970548107,70.4290916915611,18
"2075",-94.4033166745774,71.7367436437263,20
